{
    "detector_type": "SHITOMASI",
    "descriptor_type": "SURF",
    "matcher_type": "MAT_BF",
    "selector_type": "SEL_KNN",
    "detector_time": [ 2.99693849e-02, 1.75505504e-02, 1.78041812e-02,
        1.76874362e-02, 1.80254336e-02, 1.82545148e-02, 1.79207698e-02,
        1.73459519e-02, 1.80985257e-02, 1.77475270e-02, 1.81275122e-02,
        1.71462558e-02, 1.77861936e-02, 1.79949906e-02, 1.71794742e-02,
        1.74972657e-02, 1.74947213e-02, 1.96743831e-02 ],
    "descriptor_time": [ 5.17872348e-02, 5.48200011e-02, 6.97270557e-02,
        6.24200143e-02, 5.43185174e-02, 5.81627674e-02, 6.18313663e-02,
        5.90315722e-02, 5.58120720e-02, 5.59336841e-02, 6.48917705e-02,
        6.01476356e-02, 6.36902824e-02, 6.03126884e-02, 5.48444167e-02,
        6.03906587e-02, 5.78723215e-02, 6.19827323e-02 ],
    "matcher_time": [ 7.70477429e-02, 8.49091783e-02, 8.59096274e-02,
        8.61040726e-02, 8.79071206e-02, 8.82018507e-02, 8.96078646e-02,
        9.51144397e-02, 9.55584124e-02, 9.32962522e-02, 8.87791067e-02,
        9.84011516e-02, 9.26580206e-02, 8.90805200e-02, 9.25058722e-02,
        9.64335278e-02, 9.47099328e-02, 9.80356187e-02 ],
    "detector_time_avg": 1.8516950309276581e-02,
    "descriptor_time_avg": 5.9332046657800674e-02,
    "matcher_time_avg": 9.1600738465785980e-02,
    "feature_count": [ 0.0, 0.0, 0.0, 0.0, 0.0, 0.0, 0.0, 0.0, 0.0, 0.0,
        0.0, 0.0, 0.0, 0.0, 0.0, 0.0, 0.0, 0.0 ],
    "match_count": [ 0.0, 0.0, 0.0, 0.0, 0.0, 0.0, 0.0, 0.0, 0.0, 0.0,
        0.0, 0.0, 0.0, 0.0, 0.0, 0.0, 0.0, 0.0 ],
    "feature_count_avg": 0.0,
    "match_count_avg": 0.0,
    "feature_size": [
    ],
    "ttc_lidar": [ 1.2972158904366587e+01, 1.2264037610454634e+01,
        1.6963042013496565e+01, 1.3833989271117169e+01,
        1.2004663308945149e+01, 7.3592115070344954e+00,
        3.7800035762820976e+01, 1.6699971389819016e+01,
        1.6979672497128117e+01, 1.3006981043684853e+01,
        1.1306143857976011e+01, 9.4441383196784763e+00,
        9.3441968045578410e+00, 1.1891678388924651e+01,
        7.8277645911923033e+00, 9.4202855872516746e+00,
        9.1946314698608269e+00, 8.3097786771803737e+00 ],
    "ttc_camera": [ 1.2882219703854195e+01, 5.8372765502965196e+00,
        8.1907527125544544e+00, 7.0054148929963436e+00,
        1.1410919308169349e+01, 1.0575619634426619e+01,
        6.3170676720340682e+00, 1.0004866875738371e+01,
        6.8231039963850479e+00, 8.1678907627773807e+00,
        8.8668975475381480e+00, 6.5605916123448793e+00,
        8.2004926985071940e+00, 3.8454288047683854e-01,
        5.5211198846395293e+00, 7.8603284901153636e-01,
        1.2366671085773453e+01, 1.0478252351830368e-01 ],
    "kp_roi_count": [ 124, 95, 105, 120, 82, 108, 128, 115, 107, 110, 97,
        120, 125, 120, 103, 104, 83, 89 ],
    "kp_roi_matches": [ 25, 23, 25, 34, 23, 15, 21, 22, 26, 19, 16, 21,
        21, 31, 14, 18, 22, 24 ]
}
