{
    "detector_type": "ORB",
    "descriptor_type": "SIFT",
    "matcher_type": "MAT_BF",
    "selector_type": "SEL_KNN",
    "detector_time": [ 1.76751632e-02, 1.97602753e-02, 1.79884844e-02,
        1.71284042e-02, 1.84851084e-02, 1.61111113e-02, 1.67216808e-02,
        1.88153256e-02, 1.80419609e-02, 2.37936992e-02, 1.82758868e-02,
        1.75828282e-02, 1.65530518e-02, 1.85638070e-02, 1.67105626e-02,
        2.03538314e-02, 1.80002805e-02, 1.87109336e-02 ],
    "descriptor_time": [ 2.81872749e-02, 2.84753926e-02, 2.83385329e-02,
        2.82933414e-02, 2.77280491e-02, 2.87012309e-02, 2.89249346e-02,
        2.75324788e-02, 2.77959313e-02, 2.83149313e-02, 2.79410947e-02,
        2.76343189e-02, 2.78440863e-02, 2.84629501e-02, 2.88127773e-02,
        2.91077960e-02, 2.89296228e-02, 2.92532239e-02 ],
    "matcher_time": [ 3.17686796e-01, 3.27204794e-01, 3.19495797e-01,
        3.21438402e-01, 3.21141094e-01, 3.26346904e-01, 3.27645749e-01,
        3.30879271e-01, 3.23834687e-01, 3.22295487e-01, 3.21134955e-01,
        3.20824772e-01, 3.24933738e-01, 3.28813195e-01, 3.40969503e-01,
        3.44878823e-01, 3.45212668e-01, 3.44152957e-01 ],
    "detector_time_avg": 1.8292909488081932e-02,
    "descriptor_time_avg": 2.8348773717880249e-02,
    "matcher_time_avg": 3.2889428734779358e-01,
    "feature_count": [ 0.0, 0.0, 0.0, 0.0, 0.0, 0.0, 0.0, 0.0, 0.0, 0.0,
        0.0, 0.0, 0.0, 0.0, 0.0, 0.0, 0.0, 0.0 ],
    "match_count": [ 0.0, 0.0, 0.0, 0.0, 0.0, 0.0, 0.0, 0.0, 0.0, 0.0,
        0.0, 0.0, 0.0, 0.0, 0.0, 0.0, 0.0, 0.0 ],
    "feature_count_avg": 0.0,
    "match_count_avg": 0.0,
    "feature_size": [
    ],
    "ttc_lidar": [ 1.2972158904366587e+01, 1.2264037610454634e+01,
        1.6963042013496565e+01, 1.3833989271117169e+01,
        1.2004663308945149e+01, 7.3592115070344954e+00,
        3.7800035762820976e+01, 1.6699971389819016e+01,
        1.6979672497128117e+01, 1.3006981043684853e+01,
        1.1306143857976011e+01, 9.4441383196784763e+00,
        9.3441968045578410e+00, 1.1891678388924651e+01,
        7.8277645911923033e+00, 9.4202855872516746e+00,
        9.1946314698608269e+00, 8.3097786771803737e+00 ],
    "ttc_camera": [ 1.1974590899179693e+01, 2.3273764260067480e+01,
        2.2202897940924075e+01, 1.8347355393262259e+01,
        2.5913533346723476e+01, 8.3381644487364017e+00,
        8.5960979065341601e+00, 2.6991608846434072e+01,
        1.2195111777027325e+01, 9.0359084492348281e+00,
        8.4170701431269865e+00, 6.7655210406540389e+00,
        1.1477661918228979e+01, 7.4003197287549103e+00,
        6.7300790113381508e+00, 7.7550379783715302e+00,
        1.2395643954403972e+01, 8.3893894911408431e+00 ],
    "kp_roi_count": [ 216, 221, 247, 247, 262, 254, 275, 272, 254, 278,
        251, 259, 259, 246, 244, 286, 273, 285 ],
    "kp_roi_matches": [ 146, 113, 154, 173, 151, 137, 139, 146, 131, 130,
        143, 123, 162, 142, 149, 156, 182, 187 ]
}
