{
    "detector_type": "BRISK",
    "descriptor_type": "BRIEF",
    "matcher_type": "MAT_BF",
    "selector_type": "SEL_KNN",
    "detector_time": [ 4.64240424e-02, 4.50171828e-02, 4.56177816e-02,
        4.48740572e-02, 4.53545488e-02, 4.58610952e-02, 4.49333228e-02,
        4.53921184e-02, 6.87378794e-02, 1.50424853e-01, 9.35016200e-02,
        5.18565886e-02, 4.83057536e-02, 5.63343838e-02, 5.06109558e-02,
        7.60213509e-02, 4.94707935e-02, 5.03961220e-02 ],
    "descriptor_time": [ 2.45387442e-02, 2.13936437e-02, 2.13574264e-02,
        2.05216613e-02, 2.17791218e-02, 2.07521357e-02, 2.04471275e-02,
        2.04599760e-02, 1.73114762e-02, 4.77598272e-02, 2.26411019e-02,
        1.33790635e-02, 2.22642571e-02, 1.21396547e-02, 1.15037551e-02,
        2.26037502e-02, 2.33243480e-02, 2.26057488e-02 ],
    "matcher_time": [ 2.93749154e-01, 1.84533566e-01, 1.82497561e-01,
        1.75683260e-01, 1.84806824e-01, 1.74253330e-01, 1.73184380e-01,
        2.58322865e-01, 2.13089958e-01, 4.60397303e-01, 2.57106274e-01,
        1.92528620e-01, 1.92024827e-01, 2.13983744e-01, 2.00697750e-01,
        3.54376942e-01, 2.04242393e-01, 2.00987563e-01 ],
    "detector_time_avg": 5.8840803802013397e-02,
    "descriptor_time_avg": 2.1487932652235031e-02,
    "matcher_time_avg": 2.2486573457717896e-01,
    "feature_count": [ 0.0, 0.0, 0.0, 0.0, 0.0, 0.0, 0.0, 0.0, 0.0, 0.0,
        0.0, 0.0, 0.0, 0.0, 0.0, 0.0, 0.0, 0.0 ],
    "match_count": [ 0.0, 0.0, 0.0, 0.0, 0.0, 0.0, 0.0, 0.0, 0.0, 0.0,
        0.0, 0.0, 0.0, 0.0, 0.0, 0.0, 0.0, 0.0 ],
    "feature_count_avg": 0.0,
    "match_count_avg": 0.0,
    "feature_size": [
    ],
    "ttc_lidar": [ 1.2972158904366587e+01, 1.2264037610454634e+01,
        1.6963042013496565e+01, 1.3833989271117169e+01,
        1.2004663308945149e+01, 7.3592115070344954e+00,
        3.7800035762820976e+01, 1.6699971389819016e+01,
        1.6979672497128117e+01, 1.3006981043684853e+01,
        1.1306143857976011e+01, 9.4441383196784763e+00,
        9.3441968045578410e+00, 1.1891678388924651e+01,
        7.8277645911923033e+00, 9.4202855872516746e+00,
        9.1946314698608269e+00, 8.3097786771803737e+00 ],
    "ttc_camera": [ 1.3867858972630319e+01, 1.7423931432586123e+01,
        1.1829460415465308e+01, 2.1823484561645124e+01,
        2.4505153186127085e+01, 1.7594962790763599e+01,
        1.6752867437580520e+01, 1.8334501141582809e+01,
        1.4905770699628695e+01, 1.0622381612322618e+01,
        1.0844976633894749e+01, 1.4377089745421324e+01,
        1.2497271845289157e+01, 1.0027778713871081e+01,
        1.0933251868176658e+01, 1.1064113772233144e+01,
        9.8799472761928424e+00, 9.4773058868266915e+00 ],
    "kp_roi_count": [ 180, 209, 223, 212, 191, 184, 201, 195, 198, 204,
        187, 235, 215, 212, 236, 240, 270, 250 ],
    "kp_roi_matches": [ 168, 184, 207, 206, 169, 173, 173, 179, 188, 186,
        180, 202, 200, 202, 209, 202, 244, 240 ]
}
