{
    "detector_type": "AKAZE",
    "descriptor_type": "AKAZE",
    "matcher_type": "MAT_BF",
    "selector_type": "SEL_KNN",
    "detector_time": [ 1.01827100e-01, 9.12234932e-02, 9.03633311e-02,
        9.13565010e-02, 8.93114060e-02, 9.17189121e-02, 8.96030739e-02,
        9.24279839e-02, 9.39812064e-02, 9.57893133e-02, 9.22274143e-02,
        1.00996085e-01, 9.21429694e-02, 9.18313414e-02, 1.07467912e-01,
        1.00718074e-01, 9.39461365e-02, 1.00231946e-01 ],
    "descriptor_time": [ 1.01718381e-01, 9.79276076e-02, 1.02175340e-01,
        1.00117020e-01, 9.90188345e-02, 1.05485357e-01, 9.79847983e-02,
        1.01249173e-01, 9.94694307e-02, 1.01423100e-01, 9.96021777e-02,
        1.15103498e-01, 9.95296016e-02, 1.01271562e-01, 1.06579922e-01,
        1.00480959e-01, 1.01931654e-01, 1.12586051e-01 ],
    "matcher_time": [ 7.14991093e-02, 7.03926384e-02, 7.23872110e-02,
        7.13822171e-02, 7.13665634e-02, 7.14561492e-02, 7.11180344e-02,
        7.35329390e-02, 7.13805109e-02, 7.26167485e-02, 7.12998956e-02,
        7.45459795e-02, 6.89547285e-02, 7.03846440e-02, 7.12046400e-02,
        7.19631091e-02, 7.27200508e-02, 7.57069513e-02 ],
    "detector_time_avg": 9.4842448830604553e-02,
    "descriptor_time_avg": 1.0242524743080139e-01,
    "matcher_time_avg": 7.1906641125679016e-02,
    "feature_count": [ 0.0, 0.0, 0.0, 0.0, 0.0, 0.0, 0.0, 0.0, 0.0, 0.0,
        0.0, 0.0, 0.0, 0.0, 0.0, 0.0, 0.0, 0.0 ],
    "match_count": [ 0.0, 0.0, 0.0, 0.0, 0.0, 0.0, 0.0, 0.0, 0.0, 0.0,
        0.0, 0.0, 0.0, 0.0, 0.0, 0.0, 0.0, 0.0 ],
    "feature_count_avg": 0.0,
    "match_count_avg": 0.0,
    "feature_size": [
    ],
    "ttc_lidar": [ 1.2972158904366587e+01, 1.2264037610454634e+01,
        1.6963042013496565e+01, 1.3833989271117169e+01,
        1.2004663308945149e+01, 7.3592115070344954e+00,
        3.7800035762820976e+01, 1.6699971389819016e+01,
        1.6979672497128117e+01, 1.3006981043684853e+01,
        1.1306143857976011e+01, 9.4441383196784763e+00,
        9.3441968045578410e+00, 1.1891678388924651e+01,
        7.8277645911923033e+00, 9.4202855872516746e+00,
        9.1946314698608269e+00, 8.3097786771803737e+00 ],
    "ttc_camera": [ 1.2303300962822272e+01, 1.4272336152048373e+01,
        1.2928141024296890e+01, 1.4276512801425696e+01,
        1.5995298250541813e+01, 1.2991366270379620e+01,
        1.4925108595330249e+01, 1.4352619678875813e+01,
        1.4129893864842735e+01, 1.1424574865400105e+01,
        1.2149825558578902e+01, 1.0913901105587813e+01,
        1.0332004346021426e+01, 1.0433947402702739e+01,
        9.7194976599442828e+00, 1.0119342720495606e+01,
        9.1969576973084948e+00, 8.8523575418776606e+00 ],
    "kp_roi_count": [ 127, 134, 140, 141, 137, 124, 150, 143, 146, 159,
        141, 157, 149, 144, 149, 157, 145, 149 ],
    "kp_roi_matches": [ 105, 106, 117, 115, 104, 112, 120, 131, 124, 131,
        124, 119, 127, 127, 117, 117, 120, 124 ]
}
