{
    "detector_type": "BRISK",
    "descriptor_type": "ORB",
    "matcher_type": "MAT_BF",
    "selector_type": "SEL_KNN",
    "detector_time": [ 4.53147218e-02, 4.49457578e-02, 4.55044992e-02,
        4.41751815e-02, 4.51402701e-02, 4.51414660e-02, 4.59288843e-02,
        4.61374037e-02, 4.83758003e-02, 4.78017367e-02, 4.69758958e-02,
        4.63558175e-02, 4.65405807e-02, 4.74964045e-02, 4.78543304e-02,
        4.93350103e-02, 4.93864156e-02, 4.94343825e-02 ],
    "descriptor_time": [ 3.13209854e-02, 3.31385024e-02, 3.17745507e-02,
        2.96899993e-02, 3.03911902e-02, 3.04661877e-02, 3.06126606e-02,
        3.09865288e-02, 3.14349420e-02, 3.20328921e-02, 3.17596309e-02,
        3.36874202e-02, 3.21261436e-02, 3.18361148e-02, 3.23689766e-02,
        3.24009098e-02, 3.37685086e-02, 3.27172019e-02 ],
    "matcher_time": [ 2.04496354e-01, 2.01056972e-01, 1.99018747e-01,
        1.92203104e-01, 1.87820673e-01, 1.89890787e-01, 1.90664664e-01,
        1.89461499e-01, 1.92457721e-01, 2.01224715e-01, 2.05520838e-01,
        2.02023581e-01, 2.02926040e-01, 2.05750823e-01, 2.10990876e-01,
        2.16774464e-01, 2.22241193e-01, 2.21289501e-01 ],
    "detector_time_avg": 4.6769138425588608e-02,
    "descriptor_time_avg": 3.1806301325559616e-02,
    "matcher_time_avg": 2.0184214413166046e-01,
    "feature_count": [ 0.0, 0.0, 0.0, 0.0, 0.0, 0.0, 0.0, 0.0, 0.0, 0.0,
        0.0, 0.0, 0.0, 0.0, 0.0, 0.0, 0.0, 0.0 ],
    "match_count": [ 0.0, 0.0, 0.0, 0.0, 0.0, 0.0, 0.0, 0.0, 0.0, 0.0,
        0.0, 0.0, 0.0, 0.0, 0.0, 0.0, 0.0, 0.0 ],
    "feature_count_avg": 0.0,
    "match_count_avg": 0.0,
    "feature_size": [
    ],
    "ttc_lidar": [ 1.2972158904366587e+01, 1.2264037610454634e+01,
        1.6963042013496565e+01, 1.3833989271117169e+01,
        1.2004663308945149e+01, 7.3592115070344954e+00,
        3.7800035762820976e+01, 1.6699971389819016e+01,
        1.6979672497128117e+01, 1.3006981043684853e+01,
        1.1306143857976011e+01, 9.4441383196784763e+00,
        9.3441968045578410e+00, 1.1891678388924651e+01,
        7.8277645911923033e+00, 9.4202855872516746e+00,
        9.1946314698608269e+00, 8.3097786771803737e+00 ],
    "ttc_camera": [ 1.3192090967155849e+01, 1.3122206865382974e+01,
        1.1273425843611122e+01, 1.4497206461072935e+01,
        2.3665429202990055e+01, 1.3387530364209486e+01,
        1.7672692882960728e+01, 1.5363681355438136e+01,
        1.4827386301481670e+01, 1.2913491240929021e+01,
        1.1598929709258908e+01, 1.1384392130850701e+01,
        1.2559209169173618e+01, 1.0838815526169777e+01,
        1.2150024398974033e+01, 1.0464752180685188e+01,
        8.7721377053877454e+00, 1.0060411319339513e+01 ],
    "kp_roi_count": [ 161, 204, 238, 208, 170, 189, 197, 189, 205, 215,
        205, 233, 215, 223, 220, 227, 242, 262 ],
    "kp_roi_matches": [ 129, 152, 177, 171, 133, 145, 143, 154, 157, 156,
        149, 164, 179, 171, 177, 169, 197, 209 ]
}
