{
    "detector_type": "HARRIS",
    "descriptor_type": "FREAK",
    "matcher_type": "MAT_BF",
    "selector_type": "SEL_KNN",
    "detector_time": [ 1.88122224e-02, 1.79145243e-02, 1.85684431e-02,
        1.85573287e-02, 1.88248921e-02, 1.87544934e-02, 1.90677699e-02,
        2.02601608e-02, 1.92966033e-02, 1.83951315e-02, 1.51439300e-02,
        1.92636102e-02, 2.03551557e-02, 1.99010987e-02, 1.97807811e-02,
        2.04345044e-02, 2.05641817e-02, 2.17827875e-02 ],
    "descriptor_time": [ 9.55713727e-03, 4.51867701e-03, 7.14397803e-03,
        1.10441456e-02, 1.05176680e-02, 1.14752091e-02, 1.29746394e-02,
        8.15267768e-03, 4.88381600e-03, 1.19396383e-02, 5.98593988e-03,
        7.07409997e-03, 7.48509821e-03, 5.62561816e-03, 1.23305423e-02,
        9.27248970e-03, 4.55019297e-03, 5.59259485e-03 ],
    "matcher_time": [ 6.36689411e-03, 6.60556508e-03, 4.70265793e-03,
        1.79076474e-02, 3.59842330e-02, 3.74732502e-02, 4.19843271e-02,
        2.47116238e-02, 8.75978544e-03, 1.94092691e-02, 2.18076408e-02,
        6.77209906e-03, 9.41544306e-03, 6.99033681e-03, 1.16043705e-02,
        3.63549814e-02, 6.73829997e-03, 3.60857509e-03 ],
    "detector_time_avg": 1.9204311072826385e-02,
    "descriptor_time_avg": 8.3402311429381371e-03,
    "matcher_time_avg": 1.7695888876914978e-02,
    "feature_count": [ 0.0, 0.0, 0.0, 0.0, 0.0, 0.0, 0.0, 0.0, 0.0, 0.0,
        0.0, 0.0, 0.0, 0.0, 0.0, 0.0, 0.0, 0.0 ],
    "match_count": [ 0.0, 0.0, 0.0, 0.0, 0.0, 0.0, 0.0, 0.0, 0.0, 0.0,
        0.0, 0.0, 0.0, 0.0, 0.0, 0.0, 0.0, 0.0 ],
    "feature_count_avg": 0.0,
    "match_count_avg": 0.0,
    "feature_size": [
    ],
    "ttc_lidar": [ 1.2972158904366587e+01, 1.2264037610454634e+01,
        1.6963042013496565e+01, 1.3833989271117169e+01,
        1.2004663308945149e+01, 7.3592115070344954e+00,
        3.7800035762820976e+01, 1.6699971389819016e+01,
        1.6979672497128117e+01, 1.3006981043684853e+01,
        1.1306143857976011e+01, 9.4441383196784763e+00,
        9.3441968045578410e+00, 1.1891678388924651e+01,
        7.8277645911923033e+00, 9.4202855872516746e+00,
        9.1946314698608269e+00, 8.3097786771803737e+00 ],
    "ttc_camera": [ 6.1001474202469872e+01, 0.0, 1.0856015261577518e+01,
        1.2632132189533573e+01, 1.1464417027229441e+01,
        1.9252502062058927e+01, 5.9457013340463121e+00,
        3.9151202049229198e+01, 9.6466069155263590e+00, 0.0,
        6.0890164483688398e+00, 0.0, 2.1983541959187058e+01,
        9.5304533377287619e+00, 9.5941069715225815e+00,
        7.1547931956932542e+00, 1.1849121019831776e+01,
        6.1826727246283140e+00 ],
    "kp_roi_count": [ 31, 100, 50, 74, 109, 97, 123, 152, 77, 45, 82, 51,
        74, 83, 54, 116, 84, 49 ],
    "kp_roi_matches": [ 19, 32, 24, 54, 68, 44, 53, 68, 31, 20, 44, 22,
        49, 31, 24, 52, 49, 26 ]
}
