{
    "detector_type": "AKAZE",
    "descriptor_type": "AKAZE",
    "matcher_type": "MAT_BF",
    "selector_type": "SEL_KNN",
    "detector_time": [ 2.06046730e-01, 1.70621082e-01, 1.21050864e-01,
        1.09562322e-01, 1.18110888e-01, 1.41391784e-01, 1.40423492e-01,
        1.09718464e-01, 1.57490313e-01, 1.13069564e-01, 1.13550149e-01,
        1.14138231e-01, 1.18998893e-01, 1.29452795e-01, 1.15875162e-01,
        1.11378111e-01, 1.23471007e-01, 1.28880620e-01 ],
    "descriptor_time": [ 2.35749230e-01, 2.13731632e-01, 1.14192717e-01,
        1.27958551e-01, 1.13442905e-01, 1.19322985e-01, 1.74878180e-01,
        1.31476730e-01, 1.20469235e-01, 1.17702968e-01, 1.32347286e-01,
        1.19684733e-01, 1.25820354e-01, 1.38000190e-01, 1.15850650e-01,
        1.19262211e-01, 1.36696473e-01, 1.49966702e-01 ],
    "matcher_time": [ 8.26336294e-02, 1.16143443e-01, 6.89708814e-02,
        8.89169872e-02, 7.90822655e-02, 7.72678256e-02, 9.62029770e-02,
        7.89839178e-02, 7.23129809e-02, 8.69280770e-02, 8.26079845e-02,
        6.80734813e-02, 8.29466805e-02, 7.23839030e-02, 7.64045045e-02,
        6.74812719e-02, 8.41301903e-02, 9.28803980e-02 ],
    "detector_time_avg": 1.3017947971820831e-01,
    "descriptor_time_avg": 1.3925299048423767e-01,
    "matcher_time_avg": 8.1865735352039337e-02,
    "feature_count": [ 0.0, 0.0, 0.0, 0.0, 0.0, 0.0, 0.0, 0.0, 0.0, 0.0,
        0.0, 0.0, 0.0, 0.0, 0.0, 0.0, 0.0, 0.0 ],
    "match_count": [ 0.0, 0.0, 0.0, 0.0, 0.0, 0.0, 0.0, 0.0, 0.0, 0.0,
        0.0, 0.0, 0.0, 0.0, 0.0, 0.0, 0.0, 0.0 ],
    "feature_count_avg": 0.0,
    "match_count_avg": 0.0,
    "feature_size": [
    ],
    "ttc_lidar": [ 1.2972158904366587e+01, 1.2264037610454634e+01,
        1.6963042013496565e+01, 1.3125420263149387e+01,
        1.2595108891077656e+01, 7.3592115070344954e+00,
        3.4354802002730999e+01, 1.7476653951074542e+01,
        1.5889384777712397e+01, 1.3729654910548717e+01,
        1.1306143857976011e+01, 9.4441383196784763e+00,
        9.2230685055447559e+00, 1.0967763399210648e+01,
        8.0942182370254265e+00, 9.1658213234786654e+00,
        9.8514042819871808e+00, 8.3097786771803737e+00 ],
    "ttc_camera": [ 1.2303300962822272e+01, 1.4272336152048373e+01,
        1.2928141024296890e+01, 1.4276512801425696e+01,
        1.5995298250541813e+01, 1.2991366270379620e+01,
        1.4925108595330249e+01, 1.4352619678875813e+01,
        1.4129893864842735e+01, 1.1424574865400105e+01,
        1.2149825558578902e+01, 1.0913901105587813e+01,
        1.0332004346021426e+01, 1.0433947402702739e+01,
        9.7194976599442828e+00, 1.0119342720495606e+01,
        9.1969576973084948e+00, 8.8523575418776606e+00 ],
    "kp_roi_count": [ 127, 134, 140, 141, 137, 124, 150, 143, 146, 159,
        141, 157, 149, 144, 149, 157, 145, 149 ],
    "kp_roi_matches": [ 105, 106, 117, 115, 104, 112, 120, 131, 124, 131,
        124, 119, 127, 127, 117, 117, 120, 124 ]
}
