{
    "detector_type": "SURF",
    "descriptor_type": "SURF",
    "matcher_type": "MAT_BF",
    "selector_type": "SEL_KNN",
    "detector_time": [ 1.52466267e-01, 1.45942599e-01, 1.46254808e-01,
        1.47556096e-01, 1.46580204e-01, 1.58163860e-01, 1.49160013e-01,
        1.52432367e-01, 1.64878517e-01, 1.53379902e-01, 1.56393409e-01,
        1.54566601e-01, 1.52995303e-01, 1.54812708e-01, 1.53706446e-01,
        1.55359820e-01, 1.56661466e-01, 1.52173266e-01 ],
    "descriptor_time": [ 3.99690330e-01, 4.07280117e-01, 3.98235679e-01,
        4.32865351e-01, 4.18006867e-01, 4.31752563e-01, 4.32396472e-01,
        4.52752948e-01, 4.63157147e-01, 4.72298294e-01, 4.60182607e-01,
        4.52781618e-01, 4.61156189e-01, 4.62598979e-01, 4.71614361e-01,
        5.03604889e-01, 4.92766768e-01, 4.69487429e-01 ],
    "matcher_time": [ 1.97855979e-01, 1.98933050e-01, 2.03714028e-01,
        2.20207810e-01, 2.17291594e-01, 2.25734174e-01, 2.25844219e-01,
        2.27729976e-01, 2.36560524e-01, 2.44394466e-01, 2.50316679e-01,
        2.52201796e-01, 2.49812543e-01, 2.55568534e-01, 2.58512586e-01,
        2.60536194e-01, 2.65772909e-01, 2.61098653e-01 ],
    "detector_time_avg": 1.5297132730484009e-01,
    "descriptor_time_avg": 4.4903495907783508e-01,
    "matcher_time_avg": 2.3848409950733185e-01,
    "feature_count": [ 0.0, 0.0, 0.0, 0.0, 0.0, 0.0, 0.0, 0.0, 0.0, 0.0,
        0.0, 0.0, 0.0, 0.0, 0.0, 0.0, 0.0, 0.0 ],
    "match_count": [ 0.0, 0.0, 0.0, 0.0, 0.0, 0.0, 0.0, 0.0, 0.0, 0.0,
        0.0, 0.0, 0.0, 0.0, 0.0, 0.0, 0.0, 0.0 ],
    "feature_count_avg": 0.0,
    "match_count_avg": 0.0,
    "feature_size": [
    ],
    "ttc_lidar": [ 1.2972158904366587e+01, 1.2264037610454634e+01,
        1.6963042013496565e+01, 1.3833989271117169e+01,
        1.2004663308945149e+01, 7.3592115070344954e+00,
        3.7800035762820976e+01, 1.6699971389819016e+01,
        1.6979672497128117e+01, 1.3006981043684853e+01,
        1.1306143857976011e+01, 9.4441383196784763e+00,
        9.3441968045578410e+00, 1.1891678388924651e+01,
        7.8277645911923033e+00, 9.4202855872516746e+00,
        9.1946314698608269e+00, 8.3097786771803737e+00 ],
    "ttc_camera": [ 1.2236719758799142e+01, 1.3001217141020353e+01,
        1.2948975148528250e+01, 1.2727188105677065e+01,
        1.6589455342820365e+01, 1.2907941544272026e+01,
        1.4047834710819020e+01, 1.1218237439597326e+01,
        1.1742012934663515e+01, 1.0547636538652709e+01,
        1.0316864069843051e+01, 1.0215365521570792e+01,
        9.9065354007540378e+00, 1.0400874498354689e+01,
        1.0105836333353800e+01, 9.6081790726808620e+00,
        9.5444085062413961e+00, 8.9386625131172188e+00 ],
    "kp_roi_count": [ 143, 174, 187, 187, 192, 187, 214, 214, 182, 196,
        170, 192, 173, 175, 156, 179, 179, 174 ],
    "kp_roi_matches": [ 113, 125, 135, 150, 156, 141, 154, 154, 147, 142,
        136, 140, 138, 141, 130, 141, 137, 133 ]
}
