{
    "detector_type": "SURF",
    "descriptor_type": "SIFT",
    "matcher_type": "MAT_BF",
    "selector_type": "SEL_KNN",
    "detector_time": [ 1.44278184e-01, 1.42460972e-01, 1.42225713e-01,
        1.63108692e-01, 1.44878507e-01, 1.60467774e-01, 1.49403811e-01,
        1.52558848e-01, 1.56411588e-01, 1.53026015e-01, 1.66612148e-01,
        1.49465591e-01, 1.54338598e-01, 1.51822284e-01, 1.53684989e-01,
        1.53874367e-01, 1.58316523e-01, 1.52000561e-01 ],
    "descriptor_time": [ 2.85217967e-02, 2.85676084e-02, 2.86522266e-02,
        3.15575339e-02, 2.97543071e-02, 3.15360054e-02, 3.24894711e-02,
        3.06712836e-02, 3.38062458e-02, 3.09486166e-02, 3.18698883e-02,
        3.18004489e-02, 3.22363339e-02, 3.22078355e-02, 3.25726047e-02,
        3.30448411e-02, 3.25792655e-02, 3.40835601e-02 ],
    "matcher_time": [ 3.49039525e-01, 3.59608531e-01, 3.64192039e-01,
        3.95958513e-01, 3.86983454e-01, 3.88083220e-01, 3.83971661e-01,
        3.91080558e-01, 4.10508424e-01, 4.22600150e-01, 4.36410487e-01,
        4.23499972e-01, 4.31379408e-01, 4.37554181e-01, 4.56719577e-01,
        4.47367907e-01, 4.47172701e-01, 4.47435975e-01 ],
    "detector_time_avg": 1.5271861851215363e-01,
    "descriptor_time_avg": 3.1494434922933578e-02,
    "matcher_time_avg": 4.1356036067008972e-01,
    "feature_count": [ 0.0, 0.0, 0.0, 0.0, 0.0, 0.0, 0.0, 0.0, 0.0, 0.0,
        0.0, 0.0, 0.0, 0.0, 0.0, 0.0, 0.0, 0.0 ],
    "match_count": [ 0.0, 0.0, 0.0, 0.0, 0.0, 0.0, 0.0, 0.0, 0.0, 0.0,
        0.0, 0.0, 0.0, 0.0, 0.0, 0.0, 0.0, 0.0 ],
    "feature_count_avg": 0.0,
    "match_count_avg": 0.0,
    "feature_size": [
    ],
    "ttc_lidar": [ 1.2972158904366587e+01, 1.2264037610454634e+01,
        1.6963042013496565e+01, 1.3833989271117169e+01,
        1.2004663308945149e+01, 7.3592115070344954e+00,
        3.7800035762820976e+01, 1.6699971389819016e+01,
        1.6979672497128117e+01, 1.3006981043684853e+01,
        1.1306143857976011e+01, 9.4441383196784763e+00,
        9.3441968045578410e+00, 1.1891678388924651e+01,
        7.8277645911923033e+00, 9.4202855872516746e+00,
        9.1946314698608269e+00, 8.3097786771803737e+00 ],
    "ttc_camera": [ 1.3000251018791220e+01, 1.2614159126791288e+01,
        1.2843922953965325e+01, 1.3552442906540266e+01,
        1.6734946930092629e+01, 1.2735107193497424e+01,
        1.3862047707411104e+01, 1.2402882074237818e+01,
        1.1773841039940899e+01, 1.0962348281675236e+01,
        1.0293909119003530e+01, 1.1103374567209970e+01,
        9.2059714585464647e+00, 1.0108138372295901e+01,
        9.6921471978509022e+00, 9.6902879068852936e+00,
        9.1298945652167021e+00, 9.1997265563243378e+00 ],
    "kp_roi_count": [ 142, 163, 191, 169, 193, 182, 196, 189, 181, 174,
        166, 158, 175, 158, 158, 183, 165, 157 ],
    "kp_roi_matches": [ 112, 118, 132, 145, 145, 141, 139, 146, 136, 134,
        131, 122, 132, 134, 130, 134, 126, 122 ]
}
