{
    "detector_type": "ORB",
    "descriptor_type": "FREAK",
    "matcher_type": "MAT_BF",
    "selector_type": "SEL_KNN",
    "detector_time": [ 6.89564273e-02, 5.36783412e-02, 1.86565761e-02,
        1.89537462e-02, 1.56920794e-02, 1.83362756e-02, 1.56126842e-02,
        1.86081473e-02, 2.14713998e-02, 2.77006887e-02, 1.88553203e-02,
        1.74985304e-02, 1.87412668e-02, 1.80299636e-02, 1.91249084e-02,
        2.01984979e-02, 1.85306408e-02, 2.16451846e-02 ],
    "descriptor_time": [ 1.21722452e-01, 9.69617963e-02, 2.77093407e-02,
        2.79440768e-02, 2.81161685e-02, 2.88476888e-02, 2.79476512e-02,
        2.76143644e-02, 2.78189983e-02, 2.93012206e-02, 2.76871063e-02,
        2.96785515e-02, 2.99033467e-02, 3.38782705e-02, 2.86617670e-02,
        2.86109746e-02, 2.87127625e-02, 2.82179043e-02 ],
    "matcher_time": [ 3.55402619e-01, 1.95640177e-01, 1.30617306e-01,
        1.30269289e-01, 1.34079605e-01, 1.32585183e-01, 1.33074805e-01,
        1.33172780e-01, 1.35074958e-01, 1.30943358e-01, 1.32216722e-01,
        1.30486980e-01, 1.35398716e-01, 1.42932132e-01, 1.37343287e-01,
        1.37912661e-01, 1.38813242e-01, 1.40204236e-01 ],
    "detector_time_avg": 2.3905036970973015e-02,
    "descriptor_time_avg": 3.7740807980298996e-02,
    "matcher_time_avg": 1.3828031718730927e-01,
    "feature_count": [ 0.0, 0.0, 0.0, 0.0, 0.0, 0.0, 0.0, 0.0, 0.0, 0.0,
        0.0, 0.0, 0.0, 0.0, 0.0, 0.0, 0.0, 0.0 ],
    "match_count": [ 0.0, 0.0, 0.0, 0.0, 0.0, 0.0, 0.0, 0.0, 0.0, 0.0,
        0.0, 0.0, 0.0, 0.0, 0.0, 0.0, 0.0, 0.0 ],
    "feature_count_avg": 0.0,
    "match_count_avg": 0.0,
    "feature_size": [
    ],
    "ttc_lidar": [ 1.2972158904366587e+01, 1.2264037610454634e+01,
        1.6963042013496565e+01, 1.3833989271117169e+01,
        1.2004663308945149e+01, 7.3592115070344954e+00,
        3.7800035762820976e+01, 1.6699971389819016e+01,
        1.6979672497128117e+01, 1.3006981043684853e+01,
        1.1306143857976011e+01, 9.4441383196784763e+00,
        9.3441968045578410e+00, 1.1891678388924651e+01,
        7.8277645911923033e+00, 9.4202855872516746e+00,
        9.1946314698608269e+00, 8.3097786771803737e+00 ],
    "ttc_camera": [ 1.2533685028916826e+01, 1.4037060554826089e+01,
        3.6479612697913240e+01, 1.4969741458426086e+01,
        4.8994612519662688e+01, 9.5162280256778242e+00,
        1.1690598639463783e+01, 1.3816476823494410e+01,
        2.5249543542231883e+01, 8.0600427094062184e+00,
        8.1288464464494066e+00, 1.0227299849570443e+01,
        8.1274908119614206e+00, 8.2348156346164920e+00,
        7.0481426481482545e+00, 7.9245722790399311e+00,
        9.7957907127931065e+00, 7.9813458091401230e+00 ],
    "kp_roi_count": [ 214, 214, 244, 242, 265, 247, 278, 283, 245, 272,
        251, 258, 257, 250, 244, 283, 272, 276 ],
    "kp_roi_matches": [ 143, 112, 148, 169, 152, 137, 138, 146, 128, 130,
        146, 124, 161, 145, 150, 158, 183, 184 ]
}
