{
    "detector_type": "BRISK",
    "descriptor_type": "SIFT",
    "matcher_type": "MAT_BF",
    "selector_type": "SEL_KNN",
    "detector_time": [ 4.99101616e-02, 4.56244871e-02, 4.58182096e-02,
        4.51954566e-02, 4.56047431e-02, 4.50618789e-02, 4.60762642e-02,
        4.75261547e-02, 4.80873100e-02, 4.76645455e-02, 4.83125746e-02,
        4.71620075e-02, 5.97759895e-02, 4.80994955e-02, 4.79373373e-02,
        4.97315824e-02, 5.01414351e-02, 4.98448983e-02 ],
    "descriptor_time": [ 6.77962780e-01, 5.46973765e-01, 5.41672170e-01,
        5.35949230e-01, 5.38902402e-01, 5.27692616e-01, 5.29136419e-01,
        5.24656773e-01, 5.35387337e-01, 5.43159008e-01, 5.38229465e-01,
        5.31222880e-01, 5.38862348e-01, 5.35208583e-01, 5.48596382e-01,
        5.66591918e-01, 5.63223302e-01, 5.70779800e-01 ],
    "matcher_time": [ 3.51842225e-01, 3.96802545e-01, 3.57668549e-01,
        3.41315210e-01, 3.37871343e-01, 3.40965867e-01, 3.37749511e-01,
        3.45957071e-01, 3.45517367e-01, 3.60125005e-01, 3.73048455e-01,
        3.61102283e-01, 3.62725943e-01, 3.69742155e-01, 3.77025604e-01,
        3.89795244e-01, 3.96042287e-01, 3.96867543e-01 ],
    "detector_time_avg": 4.8198591917753220e-02,
    "descriptor_time_avg": 5.4967814683914185e-01,
    "matcher_time_avg": 3.6413660645484924e-01,
    "feature_count": [ 0.0, 0.0, 0.0, 0.0, 0.0, 0.0, 0.0, 0.0, 0.0, 0.0,
        0.0, 0.0, 0.0, 0.0, 0.0, 0.0, 0.0, 0.0 ],
    "match_count": [ 0.0, 0.0, 0.0, 0.0, 0.0, 0.0, 0.0, 0.0, 0.0, 0.0,
        0.0, 0.0, 0.0, 0.0, 0.0, 0.0, 0.0, 0.0 ],
    "feature_count_avg": 0.0,
    "match_count_avg": 0.0,
    "feature_size": [
    ],
    "ttc_lidar": [ 1.2972158904366587e+01, 1.2264037610454634e+01,
        1.6963042013496565e+01, 1.3833989271117169e+01,
        1.2004663308945149e+01, 7.3592115070344954e+00,
        3.7800035762820976e+01, 1.6699971389819016e+01,
        1.6979672497128117e+01, 1.3006981043684853e+01,
        1.1306143857976011e+01, 9.4441383196784763e+00,
        9.3441968045578410e+00, 1.1891678388924651e+01,
        7.8277645911923033e+00, 9.4202855872516746e+00,
        9.1946314698608269e+00, 8.3097786771803737e+00 ],
    "ttc_camera": [ 1.2063653955445695e+01, 1.3606994366149662e+01,
        1.4135419532484923e+01, 1.5411079835927604e+01,
        2.2903039319504032e+01, 1.4113051709431684e+01,
        1.2866682709600777e+01, 1.7441593741058021e+01,
        1.4552034528291024e+01, 1.1696227133494293e+01,
        9.8896743682132833e+00, 1.0934194643651001e+01,
        1.2455961536989655e+01, 9.7295323366800535e+00,
        1.1742451441504933e+01, 9.5847422201565067e+00,
        8.9155700182221693e+00, 1.2294543644680386e+01 ],
    "kp_roi_count": [ 178, 216, 250, 212, 201, 186, 204, 196, 206, 212,
        207, 246, 225, 224, 234, 230, 289, 269 ],
    "kp_roi_matches": [ 159, 175, 207, 197, 165, 166, 169, 171, 186, 178,
        184, 204, 201, 202, 213, 197, 244, 245 ]
}
