{
    "detector_type": "SHITOMASI",
    "descriptor_type": "SURF",
    "matcher_type": "MAT_BF",
    "selector_type": "SEL_KNN",
    "detector_time": [ 1.64252054e-02, 1.53832510e-02, 1.24575514e-02,
        1.71065535e-02, 1.87996309e-02, 1.66998189e-02, 2.15552021e-02,
        1.77026447e-02, 1.70786232e-02, 2.01932359e-02, 1.98393408e-02,
        1.24161020e-02, 1.83497965e-02, 2.22190768e-02, 1.93897579e-02,
        2.00833324e-02, 2.10953075e-02, 2.14884356e-02 ],
    "descriptor_time": [ 1.73344202e-02, 1.77202076e-02, 1.82647929e-02,
        1.82797424e-02, 1.75462049e-02, 1.80964619e-02, 1.86026096e-02,
        1.84276048e-02, 1.87821444e-02, 1.84076987e-02, 1.87981855e-02,
        1.96082909e-02, 1.87172275e-02, 1.89107042e-02, 1.92440301e-02,
        1.85873564e-02, 2.94377245e-02, 3.38935442e-02 ],
    "matcher_time": [ 1.61621079e-01, 1.70869648e-01, 1.78857163e-01,
        1.83298409e-01, 1.72880322e-01, 1.72845632e-01, 1.80329680e-01,
        1.82726607e-01, 1.85136437e-01, 1.83057368e-01, 1.83412790e-01,
        1.90102354e-01, 1.87533796e-01, 1.84713393e-01, 1.93643689e-01,
        1.94098249e-01, 2.46412873e-01, 3.25552762e-01 ],
    "detector_time_avg": 1.8237937241792679e-02,
    "descriptor_time_avg": 1.9925497472286224e-02,
    "matcher_time_avg": 1.9502772390842438e-01,
    "feature_count": [ 0.0, 0.0, 0.0, 0.0, 0.0, 0.0, 0.0, 0.0, 0.0, 0.0,
        0.0, 0.0, 0.0, 0.0, 0.0, 0.0, 0.0, 0.0 ],
    "match_count": [ 0.0, 0.0, 0.0, 0.0, 0.0, 0.0, 0.0, 0.0, 0.0, 0.0,
        0.0, 0.0, 0.0, 0.0, 0.0, 0.0, 0.0, 0.0 ],
    "feature_count_avg": 0.0,
    "match_count_avg": 0.0,
    "feature_size": [
    ],
    "ttc_lidar": [ 1.2972158904366587e+01, 1.2264037610454634e+01,
        1.6963042013496565e+01, 1.3833989271117169e+01,
        1.2004663308945149e+01, 7.3592115070344954e+00,
        3.7800035762820976e+01, 1.6699971389819016e+01,
        1.6979672497128117e+01, 1.3006981043684853e+01,
        1.1306143857976011e+01, 9.4441383196784763e+00,
        9.3441968045578410e+00, 1.1891678388924651e+01,
        7.8277645911923033e+00, 9.4202855872516746e+00,
        9.1946314698608269e+00, 8.3097786771803737e+00 ],
    "ttc_camera": [ 1.3673261050999493e+01, 1.2768023856047396e+01,
        1.5204421265926523e+01, 1.0598251476657166e+01,
        1.2108257765830611e+01, 1.5065303471815259e+01,
        9.7412541040553275e+00, 1.1772349511721346e+01,
        9.0086889505981596e+00, 8.4998155873930408e+00,
        9.8100854244520139e+00, 1.0086675290577986e+01,
        9.8176610856587079e+00, 9.0370582167950388e+00,
        7.3875210093528452e+00, 6.3840558870486896e+00,
        8.1180762833216100e+00, 7.7551991811983036e+00 ],
    "kp_roi_count": [ 112, 115, 88, 101, 116, 112, 131, 124, 107, 110,
        91, 123, 135, 109, 110, 119, 112, 110 ],
    "kp_roi_matches": [ 57, 46, 49, 60, 65, 47, 55, 51, 48, 41, 53, 52,
        57, 52, 52, 52, 69, 68 ]
}
