{
    "detector_type": "HARRIS",
    "descriptor_type": "ORB",
    "matcher_type": "MAT_BF",
    "selector_type": "SEL_KNN",
    "detector_time": [ 1.96483042e-02, 1.93961728e-02, 1.60444621e-02,
        1.86051205e-02, 1.85002256e-02, 1.78358797e-02, 1.65363066e-02,
        1.58075411e-02, 1.93181392e-02, 1.89265814e-02, 1.80264432e-02,
        1.90071985e-02, 2.44128369e-02, 1.85209662e-02, 1.77632254e-02,
        1.81213263e-02, 1.66442227e-02, 1.76513270e-02 ],
    "descriptor_time": [ 3.88739305e-03, 2.68642697e-03, 3.35313007e-03,
        4.25411807e-03, 4.09031613e-03, 4.67531197e-03, 4.90972912e-03,
        3.66007094e-03, 3.14452103e-03, 4.69368091e-03, 3.27971205e-03,
        3.36542190e-03, 2.84518208e-03, 2.89760390e-03, 4.72998479e-03,
        4.09150217e-03, 2.75969692e-03, 3.27520701e-03 ],
    "matcher_time": [ 7.59531884e-03, 5.94111392e-03, 4.12108703e-03,
        1.70053635e-02, 3.27990837e-02, 3.86799090e-02, 3.80603150e-02,
        1.96963418e-02, 5.48601383e-03, 8.41097627e-03, 1.23048592e-02,
        1.02833100e-02, 1.39652761e-02, 6.42784685e-03, 2.04647835e-02,
        2.81460248e-02, 6.34854706e-03, 3.47887096e-03 ],
    "detector_time_avg": 1.8375901505351067e-02,
    "descriptor_time_avg": 3.6999450530856848e-03,
    "matcher_time_avg": 1.5977632254362106e-02,
    "feature_count": [ 0.0, 0.0, 0.0, 0.0, 0.0, 0.0, 0.0, 0.0, 0.0, 0.0,
        0.0, 0.0, 0.0, 0.0, 0.0, 0.0, 0.0, 0.0 ],
    "match_count": [ 0.0, 0.0, 0.0, 0.0, 0.0, 0.0, 0.0, 0.0, 0.0, 0.0,
        0.0, 0.0, 0.0, 0.0, 0.0, 0.0, 0.0, 0.0 ],
    "feature_count_avg": 0.0,
    "match_count_avg": 0.0,
    "feature_size": [
    ],
    "ttc_lidar": [ 1.2972158904366587e+01, 1.2264037610454634e+01,
        1.6963042013496565e+01, 1.3833989271117169e+01,
        1.2004663308945149e+01, 7.3592115070344954e+00,
        3.7800035762820976e+01, 1.6699971389819016e+01,
        1.6979672497128117e+01, 1.3006981043684853e+01,
        1.1306143857976011e+01, 9.4441383196784763e+00,
        9.3441968045578410e+00, 1.1891678388924651e+01,
        7.8277645911923033e+00, 9.4202855872516746e+00,
        9.1946314698608269e+00, 8.3097786771803737e+00 ],
    "ttc_camera": [ 7.0367205876624993e+01, 0.0, 1.0771508109030520e+01,
        1.2738431961806450e+01, 1.3621704690779707e+01,
        9.8382822073476248e+00, 5.8817412003292446e+00,
        2.2664568837561593e+01, 7.2985953510676040e+00,
        1.2823718849397222e+01, 1.1203624003186100e+01,
        1.3393540729107883e+01, 1.1530085551688495e+01,
        6.2196012505580383e+00, 5.4202977034627615e+00,
        7.2917458124723007e+00, 1.1050667645463756e+01,
        5.8077851962152645e+00 ],
    "kp_roi_count": [ 31, 84, 50, 65, 108, 99, 115, 133, 91, 48, 96, 52,
        69, 67, 52, 111, 78, 38 ],
    "kp_roi_matches": [ 23, 34, 29, 53, 75, 40, 53, 79, 39, 24, 58, 22,
        45, 35, 24, 47, 49, 27 ]
}
