{
    "detector_type": "BRISK",
    "descriptor_type": "ORB",
    "matcher_type": "MAT_BF",
    "selector_type": "SEL_KNN",
    "detector_time": [ 4.58163805e-02, 4.54606004e-02, 4.49479595e-02,
        4.42527831e-02, 4.51567359e-02, 4.46942858e-02, 4.67630699e-02,
        4.59565967e-02, 4.62559983e-02, 4.70241755e-02, 4.74356003e-02,
        4.75189276e-02, 4.69447933e-02, 4.74162027e-02, 4.88684140e-02,
        4.91350070e-02, 5.02901375e-02, 4.85372506e-02 ],
    "descriptor_time": [ 1.54791800e-02, 1.59061514e-02, 1.59274004e-02,
        1.49407294e-02, 1.52192330e-02, 1.49047086e-02, 1.05869016e-02,
        1.51403584e-02, 1.50650963e-02, 1.55876400e-02, 1.53918564e-02,
        1.05265817e-02, 1.54549526e-02, 1.54810650e-02, 1.61625929e-02,
        1.60451159e-02, 1.08898180e-02, 1.56323295e-02 ],
    "matcher_time": [ 1.93521872e-01, 1.88138545e-01, 1.84651896e-01,
        1.76833972e-01, 1.74197346e-01, 1.75555304e-01, 1.80009633e-01,
        1.75134614e-01, 1.80589110e-01, 1.85704410e-01, 1.90344065e-01,
        1.89105868e-01, 1.82783976e-01, 1.87523261e-01, 1.88214645e-01,
        1.95567131e-01, 2.04197109e-01, 2.02388600e-01 ],
    "detector_time_avg": 4.6804163604974747e-02,
    "descriptor_time_avg": 1.4685650356113911e-02,
    "matcher_time_avg": 1.8593761324882507e-01,
    "feature_count": [ 0.0, 0.0, 0.0, 0.0, 0.0, 0.0, 0.0, 0.0, 0.0, 0.0,
        0.0, 0.0, 0.0, 0.0, 0.0, 0.0, 0.0, 0.0 ],
    "match_count": [ 0.0, 0.0, 0.0, 0.0, 0.0, 0.0, 0.0, 0.0, 0.0, 0.0,
        0.0, 0.0, 0.0, 0.0, 0.0, 0.0, 0.0, 0.0 ],
    "feature_count_avg": 0.0,
    "match_count_avg": 0.0,
    "feature_size": [
    ],
    "ttc_lidar": [ 1.2972158904366587e+01, 1.2264037610454634e+01,
        1.6963042013496565e+01, 1.3833989271117169e+01,
        1.2004663308945149e+01, 7.3592115070344954e+00,
        3.7800035762820976e+01, 1.6699971389819016e+01,
        1.6979672497128117e+01, 1.3006981043684853e+01,
        1.1306143857976011e+01, 9.4441383196784763e+00,
        9.3441968045578410e+00, 1.1891678388924651e+01,
        7.8277645911923033e+00, 9.4202855872516746e+00,
        9.1946314698608269e+00, 8.3097786771803737e+00 ],
    "ttc_camera": [ 1.2582618298127896e+01, 1.4498544608310217e+01,
        1.2050147523539730e+01, 1.6493166146176581e+01,
        1.9842981869600713e+01, 1.4206130631759732e+01,
        1.6685955978625579e+01, 1.4938610482453289e+01,
        1.1957398552012855e+01, 1.0656749943561154e+01,
        1.1518532299634304e+01, 1.0543547978664749e+01,
        1.1090360266805908e+01, 1.0857111428039060e+01,
        1.1389957011510248e+01, 1.0463608561046307e+01,
        8.2898956517269724e+00, 1.0284914970433279e+01 ],
    "kp_roi_count": [ 161, 203, 238, 188, 185, 183, 208, 207, 189, 213,
        212, 235, 217, 237, 235, 224, 262, 261 ],
    "kp_roi_matches": [ 131, 150, 175, 153, 140, 141, 147, 157, 157, 161,
        155, 171, 169, 175, 181, 156, 200, 203 ]
}
