{
    "detector_type": "BRISK",
    "descriptor_type": "SURF",
    "matcher_type": "MAT_BF",
    "selector_type": "SEL_KNN",
    "detector_time": [ 4.49878052e-02, 4.53367904e-02, 4.58770096e-02,
        4.52682264e-02, 4.50600423e-02, 4.52508256e-02, 4.59082685e-02,
        4.63585034e-02, 4.62595224e-02, 4.75368723e-02, 4.64782342e-02,
        4.67269383e-02, 4.89485376e-02, 4.72037457e-02, 4.81284782e-02,
        4.92370203e-02, 4.94920313e-02, 4.86962758e-02 ],
    "descriptor_time": [ 2.42533416e-01, 2.44043812e-01, 2.43577674e-01,
        2.39924446e-01, 2.36871451e-01, 2.55050898e-01, 2.46430457e-01,
        2.40847170e-01, 2.52046824e-01, 2.53187925e-01, 2.53748506e-01,
        2.53434956e-01, 2.54899114e-01, 2.62931854e-01, 2.64010459e-01,
        2.63794512e-01, 2.68654615e-01, 2.60808080e-01 ],
    "matcher_time": [ 2.02136785e-01, 2.08217561e-01, 2.05242574e-01,
        1.97547182e-01, 1.94986701e-01, 1.99188203e-01, 1.92943424e-01,
        2.07349151e-01, 1.96836919e-01, 2.05163404e-01, 2.29344308e-01,
        2.06432208e-01, 2.06684172e-01, 2.14001969e-01, 2.14668453e-01,
        2.21462041e-01, 2.25363448e-01, 2.27863744e-01 ],
    "detector_time_avg": 4.6819727867841721e-02,
    "descriptor_time_avg": 2.5204423069953918e-01,
    "matcher_time_avg": 2.0901738107204437e-01,
    "feature_count": [ 0.0, 0.0, 0.0, 0.0, 0.0, 0.0, 0.0, 0.0, 0.0, 0.0,
        0.0, 0.0, 0.0, 0.0, 0.0, 0.0, 0.0, 0.0 ],
    "match_count": [ 0.0, 0.0, 0.0, 0.0, 0.0, 0.0, 0.0, 0.0, 0.0, 0.0,
        0.0, 0.0, 0.0, 0.0, 0.0, 0.0, 0.0, 0.0 ],
    "feature_count_avg": 0.0,
    "match_count_avg": 0.0,
    "feature_size": [
    ],
    "ttc_lidar": [ 1.2972158904366587e+01, 1.2264037610454634e+01,
        1.6963042013496565e+01, 1.3833989271117169e+01,
        1.2004663308945149e+01, 7.3592115070344954e+00,
        3.7800035762820976e+01, 1.6699971389819016e+01,
        1.6979672497128117e+01, 1.3006981043684853e+01,
        1.1306143857976011e+01, 9.4441383196784763e+00,
        9.3441968045578410e+00, 1.1891678388924651e+01,
        7.8277645911923033e+00, 9.4202855872516746e+00,
        9.1946314698608269e+00, 8.3097786771803737e+00 ],
    "ttc_camera": [ 1.4880742547360700e+01, 1.4760065551954856e+01,
        1.4019679026385372e+01, 1.5620976536377068e+01,
        1.6967570494200448e+01, 1.8850052176911117e+01,
        1.3144353843404151e+01, 1.6068199832582824e+01,
        1.4961177201082991e+01, 1.1631434793504626e+01,
        9.6861445173745544e+00, 1.1782469119031807e+01,
        1.1660271879894472e+01, 1.1212240176499604e+01,
        1.2509806258516930e+01, 9.8537131003767016e+00,
        9.1971123704252626e+00, 1.2518493162556942e+01 ],
    "kp_roi_count": [ 170, 207, 246, 207, 192, 196, 205, 212, 205, 225,
        210, 229, 227, 230, 229, 243, 267, 249 ],
    "kp_roi_matches": [ 124, 135, 158, 149, 131, 133, 133, 143, 149, 153,
        137, 153, 163, 162, 164, 161, 186, 182 ]
}
