{
    "detector_type": "BRISK",
    "descriptor_type": "SURF",
    "matcher_type": "MAT_BF",
    "selector_type": "SEL_KNN",
    "detector_time": [ 4.55446057e-02, 4.52906154e-02, 4.55770195e-02,
        4.61357608e-02, 4.58729714e-02, 4.62396108e-02, 4.62650433e-02,
        4.67722453e-02, 4.69684191e-02, 4.74902838e-02, 4.75321338e-02,
        4.73642908e-02, 4.69141267e-02, 4.87749875e-02, 4.90165986e-02,
        5.06724864e-02, 4.95242290e-02, 4.92334515e-02 ],
    "descriptor_time": [ 3.10994182e-02, 3.10916137e-02, 3.05829775e-02,
        3.03478539e-02, 3.10526956e-02, 3.05529032e-02, 3.14398706e-02,
        3.09468098e-02, 3.19687836e-02, 3.21953818e-02, 3.19739841e-02,
        3.15503478e-02, 3.22095230e-02, 3.22557762e-02, 3.24513987e-02,
        3.29330564e-02, 3.27518471e-02, 3.33082825e-02 ],
    "matcher_time": [ 4.97141570e-01, 5.08107424e-01, 5.01372218e-01,
        4.82431561e-01, 4.77349937e-01, 4.79833394e-01, 4.77172792e-01,
        4.75467235e-01, 4.82334644e-01, 5.01262903e-01, 5.18172324e-01,
        5.04223406e-01, 5.06530046e-01, 5.18908501e-01, 5.28657854e-01,
        5.45479834e-01, 5.57800174e-01, 5.59274077e-01 ],
    "detector_time_avg": 4.7288265079259872e-02,
    "descriptor_time_avg": 3.1706251204013824e-02,
    "matcher_time_avg": 5.0731635093688965e-01,
    "feature_count": [ 0.0, 0.0, 0.0, 0.0, 0.0, 0.0, 0.0, 0.0, 0.0, 0.0,
        0.0, 0.0, 0.0, 0.0, 0.0, 0.0, 0.0, 0.0 ],
    "match_count": [ 0.0, 0.0, 0.0, 0.0, 0.0, 0.0, 0.0, 0.0, 0.0, 0.0,
        0.0, 0.0, 0.0, 0.0, 0.0, 0.0, 0.0, 0.0 ],
    "feature_count_avg": 0.0,
    "match_count_avg": 0.0,
    "feature_size": [
    ],
    "ttc_lidar": [ 1.2972158904366587e+01, 1.2264037610454634e+01,
        1.6963042013496565e+01, 1.3833989271117169e+01,
        1.2004663308945149e+01, 7.3592115070344954e+00,
        3.7800035762820976e+01, 1.6699971389819016e+01,
        1.6979672497128117e+01, 1.3006981043684853e+01,
        1.1306143857976011e+01, 9.4441383196784763e+00,
        9.3441968045578410e+00, 1.1891678388924651e+01,
        7.8277645911923033e+00, 9.4202855872516746e+00,
        9.1946314698608269e+00, 8.3097786771803737e+00 ],
    "ttc_camera": [ 1.3589732936755246e+01, 1.5382223873495791e+01,
        9.6816460813831622e+00, 1.5927162424759867e+01,
        3.0933847258205539e+01, 1.6190568326584398e+01,
        1.4937359647115054e+01, 1.6764363028664341e+01,
        1.3799424189702941e+01, 1.3412116991457316e+01,
        1.0757374627490826e+01, 1.0169501997635356e+01,
        1.2162382007251360e+01, 1.0876964218020845e+01,
        1.1392629323582414e+01, 1.0381924744687950e+01,
        8.5029429225721938e+00, 1.0184179671829940e+01 ],
    "kp_roi_count": [ 169, 215, 236, 184, 167, 177, 200, 201, 204, 209,
        197, 240, 221, 227, 217, 235, 245, 262 ],
    "kp_roi_matches": [ 124, 140, 167, 148, 123, 137, 137, 140, 145, 150,
        150, 161, 164, 166, 171, 157, 189, 198 ]
}
