{
    "detector_type": "ORB",
    "descriptor_type": "SURF",
    "matcher_type": "MAT_BF",
    "selector_type": "SEL_KNN",
    "detector_time": [ 1.82916131e-02, 1.80561822e-02, 1.79148912e-02,
        1.75819173e-02, 1.79690104e-02, 1.77904591e-02, 1.85034666e-02,
        1.83394440e-02, 1.83620937e-02, 1.85782388e-02, 2.73698214e-02,
        1.86769534e-02, 2.25157719e-02, 2.53282990e-02, 2.72102952e-02,
        2.73971166e-02, 1.83383133e-02, 1.85677968e-02 ],
    "descriptor_time": [ 1.07606578e+00, 1.07912183e+00, 1.07036424e+00,
        1.09690821e+00, 1.09252560e+00, 1.10717177e+00, 1.07119393e+00,
        1.08682823e+00, 1.08782470e+00, 1.07507730e+00, 1.08123505e+00,
        1.07340932e+00, 1.08223641e+00, 1.07327378e+00, 1.09668243e+00,
        1.06692243e+00, 1.07379162e+00, 1.06817698e+00 ],
    "matcher_time": [ 2.20947102e-01, 2.20746964e-01, 2.19755754e-01,
        2.20695972e-01, 2.19729960e-01, 2.22908407e-01, 2.22333431e-01,
        2.28747085e-01, 2.21561328e-01, 2.19717622e-01, 2.19974563e-01,
        2.19258934e-01, 2.24039540e-01, 2.25838840e-01, 2.25310847e-01,
        2.21350104e-01, 2.17575625e-01, 2.19125420e-01 ],
    "detector_time_avg": 2.0377315580844879e-02,
    "descriptor_time_avg": 1.0810449123382568e+00,
    "matcher_time_avg": 2.2168649733066559e-01,
    "feature_count": [ 0.0, 0.0, 0.0, 0.0, 0.0, 0.0, 0.0, 0.0, 0.0, 0.0,
        0.0, 0.0, 0.0, 0.0, 0.0, 0.0, 0.0, 0.0 ],
    "match_count": [ 0.0, 0.0, 0.0, 0.0, 0.0, 0.0, 0.0, 0.0, 0.0, 0.0,
        0.0, 0.0, 0.0, 0.0, 0.0, 0.0, 0.0, 0.0 ],
    "feature_count_avg": 0.0,
    "match_count_avg": 0.0,
    "feature_size": [
    ],
    "ttc_lidar": [ 1.2972158904366587e+01, 1.2264037610454634e+01,
        1.6963042013496565e+01, 1.3833989271117169e+01,
        1.2004663308945149e+01, 7.3592115070344954e+00,
        3.7800035762820976e+01, 1.6699971389819016e+01,
        1.6979672497128117e+01, 1.3006981043684853e+01,
        1.1306143857976011e+01, 9.4441383196784763e+00,
        9.3441968045578410e+00, 1.1891678388924651e+01,
        7.8277645911923033e+00, 9.4202855872516746e+00,
        9.1946314698608269e+00, 8.3097786771803737e+00 ],
    "ttc_camera": [ 1.5212186179647176e+01, 2.3440513127799093e+01,
        2.3804667329210758e+01, 1.1919648053206330e+01,
        2.0980344081861919e+01, 8.7446665550699443e+00,
        9.9762938654992208e+00, 1.0986417074274247e+01,
        7.5756209793579812e+00, 9.1456303615727403e+00,
        7.2698439294370996e+00, 6.2997332672864585e+00,
        6.6199899649024099e+00, 9.1096073020556467e+00,
        6.2408736333183938e+00, 7.3562660098098176e+00,
        8.5029828162941996e+00, 9.5475056183087936e+00 ],
    "kp_roi_count": [ 246, 241, 277, 277, 287, 283, 306, 308, 277, 307,
        284, 302, 289, 287, 292, 317, 310, 313 ],
    "kp_roi_matches": [ 157, 136, 166, 194, 170, 146, 135, 160, 129, 150,
        163, 146, 176, 161, 167, 174, 200, 198 ]
}
