{
    "detector_type": "HARRIS",
    "descriptor_type": "SIFT",
    "matcher_type": "MAT_BF",
    "selector_type": "SEL_KNN",
    "detector_time": [ 1.82126779e-02, 2.63545271e-02, 1.87880863e-02,
        1.72089748e-02, 1.84560586e-02, 1.82782747e-02, 1.72080062e-02,
        2.17410326e-02, 1.78575348e-02, 1.81178804e-02, 1.81857869e-02,
        1.68145522e-02, 1.79048683e-02, 1.61221512e-02, 1.86013058e-02,
        1.81730725e-02, 1.77645162e-02, 1.63989067e-02 ],
    "descriptor_time": [ 8.47748965e-02, 4.54444624e-02, 6.84899315e-02,
        8.52426216e-02, 8.85676742e-02, 9.49318409e-02, 1.08649962e-01,
        7.62565807e-02, 5.78885376e-02, 9.80449542e-02, 5.92262931e-02,
        6.70044348e-02, 6.79937750e-02, 6.03805557e-02, 1.00116350e-01,
        8.25475305e-02, 4.67889607e-02, 5.01943417e-02 ],
    "matcher_time": [ 1.78731587e-02, 1.81334950e-02, 1.34549718e-02,
        3.83368433e-02, 5.58525473e-02, 5.76081127e-02, 7.33444318e-02,
        5.11748753e-02, 1.61939561e-02, 2.78938543e-02, 3.33770216e-02,
        2.52480023e-02, 2.65687238e-02, 1.75815504e-02, 3.32201906e-02,
        5.38543276e-02, 2.39712484e-02, 1.23674022e-02 ],
    "detector_time_avg": 1.8454900011420250e-02,
    "descriptor_time_avg": 7.4585765600204468e-02,
    "matcher_time_avg": 3.4010678529739380e-02,
    "feature_count": [ 0.0, 0.0, 0.0, 0.0, 0.0, 0.0, 0.0, 0.0, 0.0, 0.0,
        0.0, 0.0, 0.0, 0.0, 0.0, 0.0, 0.0, 0.0 ],
    "match_count": [ 0.0, 0.0, 0.0, 0.0, 0.0, 0.0, 0.0, 0.0, 0.0, 0.0,
        0.0, 0.0, 0.0, 0.0, 0.0, 0.0, 0.0, 0.0 ],
    "feature_count_avg": 0.0,
    "match_count_avg": 0.0,
    "feature_size": [
    ],
    "ttc_lidar": [ 1.2972158904366587e+01, 1.2264037610454634e+01,
        1.6963042013496565e+01, 1.3833989271117169e+01,
        1.2004663308945149e+01, 7.3592115070344954e+00,
        3.7800035762820976e+01, 1.6699971389819016e+01,
        1.6979672497128117e+01, 1.3006981043684853e+01,
        1.1306143857976011e+01, 9.4441383196784763e+00,
        9.3441968045578410e+00, 1.1891678388924651e+01,
        7.8277645911923033e+00, 9.4202855872516746e+00,
        9.1946314698608269e+00, 8.3097786771803737e+00 ],
    "ttc_camera": [ 7.0367205876624993e+01, 0.0, 1.0771508109030520e+01,
        1.2803173092508766e+01, 4.9807924113499425e+01,
        1.0452598715146509e+01, 8.6337121046887244e+00,
        7.5375892780806396e+01, 9.4934611733471499e+00, 0.0,
        4.4895160584663554e+00, 5.9046859765017325e+00,
        6.8528549891897415e+00, 5.8895800662784863e+00,
        6.1697593455107347e+00, 8.5757518741043484e+00,
        1.1183661752098351e+01, 5.2500429409020839e+00 ],
    "kp_roi_count": [ 30, 88, 51, 60, 124, 95, 122, 136, 96, 50, 107, 52,
        72, 64, 53, 112, 77, 40 ],
    "kp_roi_matches": [ 24, 36, 33, 55, 80, 51, 49, 83, 48, 26, 68, 24,
        47, 34, 24, 51, 55, 27 ]
}
