{
    "detector_type": "HARRIS",
    "descriptor_type": "SURF",
    "matcher_type": "MAT_BF",
    "selector_type": "SEL_KNN",
    "detector_time": [ 1.78895742e-02, 2.29458064e-02, 2.56271604e-02,
        1.82967409e-02, 1.57804787e-02, 1.71170384e-02, 1.83440726e-02,
        2.54915915e-02, 1.77969448e-02, 1.79073755e-02, 1.70785654e-02,
        2.47447770e-02, 2.11049132e-02, 3.02899629e-02, 2.26419866e-02,
        7.19069690e-02, 5.16767725e-02, 7.66018480e-02 ],
    "descriptor_time": [ 4.03637439e-02, 1.81828123e-02, 1.98072679e-02,
        3.58152762e-02, 4.68470491e-02, 4.01604474e-02, 5.08614741e-02,
        2.41716430e-02, 1.47531023e-02, 3.73434797e-02, 2.52752528e-02,
        2.52053551e-02, 2.73939613e-02, 4.39935960e-02, 4.89871167e-02,
        7.33979791e-02, 3.85715775e-02, 3.66131403e-02 ],
    "matcher_time": [ 1.00566698e-02, 1.03518171e-02, 1.00886840e-02,
        1.96350235e-02, 2.91348360e-02, 3.50586027e-02, 4.75483797e-02,
        3.66206057e-02, 6.40531210e-03, 1.55076757e-02, 2.63683833e-02,
        1.36768902e-02, 1.79967675e-02, 2.89983638e-02, 1.62608102e-02,
        9.25507247e-02, 2.26164069e-02, 1.75261013e-02 ],
    "detector_time_avg": 2.8513474389910698e-02,
    "descriptor_time_avg": 3.5985793918371201e-02,
    "matcher_time_avg": 2.6255609467625618e-02,
    "feature_count": [ 0.0, 0.0, 0.0, 0.0, 0.0, 0.0, 0.0, 0.0, 0.0, 0.0,
        0.0, 0.0, 0.0, 0.0, 0.0, 0.0, 0.0, 0.0 ],
    "match_count": [ 0.0, 0.0, 0.0, 0.0, 0.0, 0.0, 0.0, 0.0, 0.0, 0.0,
        0.0, 0.0, 0.0, 0.0, 0.0, 0.0, 0.0, 0.0 ],
    "feature_count_avg": 0.0,
    "match_count_avg": 0.0,
    "feature_size": [
    ],
    "ttc_lidar": [ 1.2972158904366587e+01, 1.2264037610454634e+01,
        1.6963042013496565e+01, 1.3833989271117169e+01,
        1.2004663308945149e+01, 7.3592115070344954e+00,
        3.7800035762820976e+01, 1.6699971389819016e+01,
        1.6979672497128117e+01, 1.3006981043684853e+01,
        1.1306143857976011e+01, 9.4441383196784763e+00,
        9.3441968045578410e+00, 1.1891678388924651e+01,
        7.8277645911923033e+00, 9.4202855872516746e+00,
        9.1946314698608269e+00, 8.3097786771803737e+00 ],
    "ttc_camera": [ 1.1816925480672126e+01, 1.2022411963897316e+01,
        1.1306922727090015e+01, 0.0, 1.0911414826504304e+01, 0.0,
        -1.2497360129809920e+01, 5.5481910293517487e+00,
        1.5466822624853355e-01, 1.7075153863794437e-01,
        1.2411543176617539e+00, 1.1155227656678761e+01,
        1.3923766774979243e-01, 5.3463301205024871e+00,
        1.0031452930871275e+01, 2.8812633694066631e-01,
        8.0188130405611151e+00, 5.6492691328926865e+00 ],
    "kp_roi_count": [ 29, 92, 52, 65, 102, 92, 114, 150, 95, 46, 103, 72,
        71, 80, 46, 107, 84, 41 ],
    "kp_roi_matches": [ 15, 20, 17, 40, 45, 36, 33, 39, 20, 17, 34, 15,
        33, 24, 17, 28, 35, 18 ]
}
