{
    "detector_type": "SHITOMASI",
    "descriptor_type": "BRISK",
    "matcher_type": "MAT_BF",
    "selector_type": "SEL_KNN",
    "detector_time": [ 1.55814169e-02, 1.98606383e-02, 1.22578042e-02,
        1.23778004e-02, 2.19773073e-02, 1.91309899e-02, 1.68803856e-02,
        1.49482004e-02, 1.78514272e-02, 1.74879935e-02, 1.90443862e-02,
        1.76816601e-02, 1.63672324e-02, 1.66286547e-02, 2.18102336e-02,
        1.76216904e-02, 1.82996187e-02, 1.30061349e-02 ],
    "descriptor_time": [ 1.75067652e-02, 1.81182250e-02, 1.82659701e-02,
        1.79427844e-02, 1.77389812e-02, 1.83533859e-02, 1.87075306e-02,
        1.85322333e-02, 1.86210889e-02, 1.83839835e-02, 1.88385751e-02,
        1.90425124e-02, 1.85597017e-02, 1.88999176e-02, 1.93481818e-02,
        1.88232679e-02, 1.88713670e-02, 2.07122732e-02 ],
    "matcher_time": [ 6.93719164e-02, 7.20130727e-02, 7.55547360e-02,
        7.59523436e-02, 7.38335550e-02, 7.28243366e-02, 7.83263817e-02,
        7.77931586e-02, 7.81766102e-02, 7.75213987e-02, 7.75535330e-02,
        7.99001455e-02, 7.87886754e-02, 7.85618871e-02, 8.11460689e-02,
        8.17045867e-02, 8.00252855e-02, 8.65438655e-02 ],
    "detector_time_avg": 1.7156308516860008e-02,
    "descriptor_time_avg": 1.8625929951667786e-02,
    "matcher_time_avg": 7.8012928366661072e-02,
    "feature_count": [ 0.0, 0.0, 0.0, 0.0, 0.0, 0.0, 0.0, 0.0, 0.0, 0.0,
        0.0, 0.0, 0.0, 0.0, 0.0, 0.0, 0.0, 0.0 ],
    "match_count": [ 0.0, 0.0, 0.0, 0.0, 0.0, 0.0, 0.0, 0.0, 0.0, 0.0,
        0.0, 0.0, 0.0, 0.0, 0.0, 0.0, 0.0, 0.0 ],
    "feature_count_avg": 0.0,
    "match_count_avg": 0.0,
    "feature_size": [
    ],
    "ttc_lidar": [ 1.2972158904366587e+01, 1.2264037610454634e+01,
        1.6963042013496565e+01, 1.3833989271117169e+01,
        1.2004663308945149e+01, 7.3592115070344954e+00,
        3.7800035762820976e+01, 1.6699971389819016e+01,
        1.6979672497128117e+01, 1.3006981043684853e+01,
        1.1306143857976011e+01, 9.4441383196784763e+00,
        9.3441968045578410e+00, 1.1891678388924651e+01,
        7.8277645911923033e+00, 9.4202855872516746e+00,
        9.1946314698608269e+00, 8.3097786771803737e+00 ],
    "ttc_camera": [ 1.2946200130060427e+01, 1.3369448406418700e+01,
        1.1555412288894832e+01, 1.1535637874129513e+01,
        1.1917876213847862e+01, 1.1606516039188998e+01,
        9.4774944319672727e+00, 1.1662620779628273e+01,
        8.0426653171668150e+00, 9.5726985015985058e+00,
        1.0091549385782436e+01, 9.4302461733147069e+00,
        9.0563370361527102e+00, 8.7463824589242272e+00,
        7.6318423894065006e+00, 6.9436700989806228e+00,
        9.5202701753212793e+00, 7.5141735352602952e+00 ],
    "kp_roi_count": [ 111, 105, 110, 114, 124, 126, 122, 119, 107, 114,
        109, 115, 127, 110, 110, 129, 114, 113 ],
    "kp_roi_matches": [ 56, 50, 56, 61, 69, 48, 56, 53, 52, 39, 59, 53,
        64, 55, 56, 56, 72, 73 ]
}
