{
    "detector_type": "SIFT",
    "descriptor_type": "FREAK",
    "matcher_type": "MAT_BF",
    "selector_type": "SEL_KNN",
    "detector_time": [ 1.42859608e-01, 1.40342042e-01, 1.37267619e-01,
        1.41722485e-01, 1.43004507e-01, 1.40436560e-01, 1.42620474e-01,
        1.42228037e-01, 1.42086849e-01, 1.39293864e-01, 1.37804762e-01,
        1.41912967e-01, 1.38920560e-01, 1.41182810e-01, 1.41137466e-01,
        1.40617192e-01, 1.43015534e-01, 1.42287478e-01 ],
    "descriptor_time": [ 7.04430938e-02, 6.54800385e-02, 6.47390783e-02,
        6.68288395e-02, 6.73339665e-02, 6.66477233e-02, 6.66886866e-02,
        6.70899153e-02, 6.65441155e-02, 6.57370463e-02, 6.71123490e-02,
        6.71135560e-02, 6.62067235e-02, 6.68337718e-02, 6.74218908e-02,
        6.76518828e-02, 6.75503910e-02, 6.86766431e-02 ],
    "matcher_time": [ 7.32422695e-02, 7.20533505e-02, 6.86962828e-02,
        6.90673739e-02, 7.07964897e-02, 7.16845319e-02, 7.49587789e-02,
        7.55033344e-02, 7.54447207e-02, 7.68032521e-02, 8.02277029e-02,
        8.09644833e-02, 7.97066465e-02, 8.28946084e-02, 8.26251581e-02,
        8.37424025e-02, 8.56259614e-02, 8.67157876e-02 ],
    "detector_time_avg": 1.4104114472866058e-01,
    "descriptor_time_avg": 6.7005544900894165e-02,
    "matcher_time_avg": 7.7500641345977783e-02,
    "feature_count": [ 0.0, 0.0, 0.0, 0.0, 0.0, 0.0, 0.0, 0.0, 0.0, 0.0,
        0.0, 0.0, 0.0, 0.0, 0.0, 0.0, 0.0, 0.0 ],
    "match_count": [ 0.0, 0.0, 0.0, 0.0, 0.0, 0.0, 0.0, 0.0, 0.0, 0.0,
        0.0, 0.0, 0.0, 0.0, 0.0, 0.0, 0.0, 0.0 ],
    "feature_count_avg": 0.0,
    "match_count_avg": 0.0,
    "feature_size": [
    ],
    "ttc_lidar": [ 1.2972158904366587e+01, 1.2264037610454634e+01,
        1.6963042013496565e+01, 1.3833989271117169e+01,
        1.2004663308945149e+01, 7.3592115070344954e+00,
        3.7800035762820976e+01, 1.6699971389819016e+01,
        1.6979672497128117e+01, 1.3006981043684853e+01,
        1.1306143857976011e+01, 9.4441383196784763e+00,
        9.3441968045578410e+00, 1.1891678388924651e+01,
        7.8277645911923033e+00, 9.4202855872516746e+00,
        9.1946314698608269e+00, 8.3097786771803737e+00 ],
    "ttc_camera": [ 1.1220612340431529e+01, 1.2939272245684762e+01,
        1.2375502911711829e+01, 1.7072133762674088e+01,
        1.2402905067823927e+01, 1.0768093339505258e+01,
        1.3207764226592234e+01, 1.1960288626549966e+01,
        1.4028182154608293e+01, 1.0234645906227883e+01,
        1.1011155400791603e+01, 1.0164528494463708e+01,
        8.9768551707652087e+00, 9.5078604923615018e+00,
        9.1966192052682132e+00, 8.7874834522638032e+00,
        8.4541381707364511e+00, 9.0272054082473066e+00 ],
    "kp_roi_count": [ 127, 135, 153, 144, 136, 155, 184, 175, 154, 138,
        128, 147, 136, 134, 138, 133, 105, 132 ],
    "kp_roi_matches": [ 92, 89, 109, 101, 93, 101, 104, 113, 113, 93, 88,
        94, 101, 95, 91, 99, 82, 96 ]
}
