{
    "detector_type": "ORB",
    "descriptor_type": "ORB",
    "matcher_type": "MAT_BF",
    "selector_type": "SEL_KNN",
    "detector_time": [ 1.77817978e-02, 1.87780149e-02, 1.64026525e-02,
        1.81529224e-02, 1.80893634e-02, 1.53532596e-02, 1.56472381e-02,
        1.86760575e-02, 1.88392531e-02, 1.78913493e-02, 1.63982715e-02,
        1.94358733e-02, 1.84907336e-02, 2.50762887e-02, 1.89324804e-02,
        2.22321413e-02, 1.83191802e-02, 1.88551899e-02 ],
    "descriptor_time": [ 1.53110418e-02, 1.64750144e-02, 1.64037868e-02,
        1.55601464e-02, 1.55963423e-02, 1.63495243e-02, 1.61917582e-02,
        1.61405243e-02, 1.54553270e-02, 1.65250115e-02, 1.63198337e-02,
        1.72607973e-02, 1.59294121e-02, 1.93072036e-02, 1.61865670e-02,
        1.35179246e-02, 1.65225416e-02, 1.64008364e-02 ],
    "matcher_time": [ 1.93520829e-01, 1.92365691e-01, 1.89360514e-01,
        1.97235838e-01, 1.91077769e-01, 1.91580757e-01, 1.90101102e-01,
        1.98010057e-01, 1.97766379e-01, 1.90351814e-01, 1.91059172e-01,
        1.97699964e-01, 1.98082402e-01, 1.89788938e-01, 1.96577191e-01,
        1.97450161e-01, 1.90891489e-01, 1.90669164e-01 ],
    "detector_time_avg": 1.8519559875130653e-02,
    "descriptor_time_avg": 1.6191864386200905e-02,
    "matcher_time_avg": 1.9353343546390533e-01,
    "feature_count": [ 0.0, 0.0, 0.0, 0.0, 0.0, 0.0, 0.0, 0.0, 0.0, 0.0,
        0.0, 0.0, 0.0, 0.0, 0.0, 0.0, 0.0, 0.0 ],
    "match_count": [ 0.0, 0.0, 0.0, 0.0, 0.0, 0.0, 0.0, 0.0, 0.0, 0.0,
        0.0, 0.0, 0.0, 0.0, 0.0, 0.0, 0.0, 0.0 ],
    "feature_count_avg": 0.0,
    "match_count_avg": 0.0,
    "feature_size": [
    ],
    "ttc_lidar": [ 1.2972158904366587e+01, 1.2264037610454634e+01,
        1.6963042013496565e+01, 1.3833989271117169e+01,
        1.2004663308945149e+01, 7.3592115070344954e+00,
        3.7800035762820976e+01, 1.6699971389819016e+01,
        1.6979672497128117e+01, 1.3006981043684853e+01,
        1.1306143857976011e+01, 9.4441383196784763e+00,
        9.3441968045578410e+00, 1.1891678388924651e+01,
        7.8277645911923033e+00, 9.4202855872516746e+00,
        9.1946314698608269e+00, 8.3097786771803737e+00 ],
    "ttc_camera": [ 1.0880808394602875e+01, 1.5956845469447122e+01,
        1.1025801679964854e+01, 1.1987411541363391e+01,
        2.0965059573737012e+01, 1.1256325103521982e+01,
        1.0865924893019955e+01, 9.4610739590193802e+00,
        7.5904661643573403e+00, 6.0081870066022818e+00,
        7.4464452586852348e+00, 6.3462746334763036e+00,
        6.0333379896164203e+00, 7.8641478579415001e+00,
        5.9946335773888171e+00, 7.5434392469307845e+00,
        8.3692910342426199e+00, 8.0432206405489133e+00 ],
    "kp_roi_count": [ 233, 245, 265, 255, 274, 259, 291, 297, 280, 293,
        280, 307, 276, 287, 285, 314, 299, 318 ],
    "kp_roi_matches": [ 131, 122, 147, 160, 139, 120, 118, 135, 114, 118,
        146, 132, 152, 139, 152, 160, 180, 187 ]
}
