{
    "detector_type": "SHITOMASI",
    "descriptor_type": "FREAK",
    "matcher_type": "MAT_BF",
    "selector_type": "SEL_KNN",
    "detector_time": [ 1.85702834e-02, 1.78938676e-02, 1.85220633e-02,
        1.77467726e-02, 1.84390396e-02, 1.76071096e-02, 1.85245946e-02,
        1.84093323e-02, 1.76209919e-02, 2.09076740e-02, 1.72709413e-02,
        1.75722335e-02, 1.71859339e-02, 1.76550709e-02, 1.71498265e-02,
        1.72984079e-02, 1.76347364e-02, 1.77893862e-02 ],
    "descriptor_time": [ 5.91997877e-02, 6.45903870e-02, 6.62443414e-02,
        6.37525320e-02, 6.28861785e-02, 6.39571920e-02, 6.57303408e-02,
        6.59167096e-02, 6.55192956e-02, 6.29283264e-02, 6.50385395e-02,
        6.43807799e-02, 6.47005215e-02, 6.42739534e-02, 5.92278168e-02,
        6.29020184e-02, 7.16403648e-02, 6.43833354e-02 ],
    "matcher_time": [ 6.37375340e-02, 6.66628182e-02, 6.95871934e-02,
        6.94103464e-02, 6.63380921e-02, 6.73428923e-02, 6.89863712e-02,
        6.92730397e-02, 7.03917295e-02, 7.00694621e-02, 6.96188137e-02,
        7.09532574e-02, 7.03692660e-02, 7.02107847e-02, 7.22345486e-02,
        7.23321810e-02, 7.16967434e-02, 7.67014623e-02 ],
    "detector_time_avg": 1.7988793551921844e-02,
    "descriptor_time_avg": 6.4292915165424347e-02,
    "matcher_time_avg": 7.0128172636032104e-02,
    "feature_count": [ 0.0, 0.0, 0.0, 0.0, 0.0, 0.0, 0.0, 0.0, 0.0, 0.0,
        0.0, 0.0, 0.0, 0.0, 0.0, 0.0, 0.0, 0.0 ],
    "match_count": [ 0.0, 0.0, 0.0, 0.0, 0.0, 0.0, 0.0, 0.0, 0.0, 0.0,
        0.0, 0.0, 0.0, 0.0, 0.0, 0.0, 0.0, 0.0 ],
    "feature_count_avg": 0.0,
    "match_count_avg": 0.0,
    "feature_size": [
    ],
    "ttc_lidar": [ 1.2972158904366587e+01, 1.2264037610454634e+01,
        1.6963042013496565e+01, 1.3833989271117169e+01,
        1.2004663308945149e+01, 7.3592115070344954e+00,
        3.7800035762820976e+01, 1.6699971389819016e+01,
        1.6979672497128117e+01, 1.3006981043684853e+01,
        1.1306143857976011e+01, 9.4441383196784763e+00,
        9.3441968045578410e+00, 1.1891678388924651e+01,
        7.8277645911923033e+00, 9.4202855872516746e+00,
        9.1946314698608269e+00, 8.3097786771803737e+00 ],
    "ttc_camera": [ 1.3787548269885516e+01, 1.2763419915531308e+01,
        9.6227911884512398e+00, 1.2104646638019501e+01,
        1.1892371306502159e+01, 1.2656177747307151e+01,
        8.1965499897748870e+00, 1.0068135271840571e+01,
        9.3294601116191362e+00, 8.2837967087925133e+00,
        1.0250294922911678e+01, 8.8850516834422191e+00,
        1.0676927435478136e+01, 9.1860388450000716e+00,
        7.7978791229225699e+00, 7.6958893693781389e+00,
        9.8042525622817589e+00, 7.9384706192836960e+00 ],
    "kp_roi_count": [ 106, 103, 112, 115, 118, 103, 117, 113, 116, 110,
        100, 131, 119, 108, 122, 112, 113, 107 ],
    "kp_roi_matches": [ 56, 53, 59, 70, 72, 51, 56, 55, 57, 40, 57, 55,
        60, 53, 54, 56, 75, 72 ]
}
