{
    "detector_type": "SIFT",
    "descriptor_type": "SURF",
    "matcher_type": "MAT_BF",
    "selector_type": "SEL_KNN",
    "detector_time": [ 1.86395273e-01, 1.44996017e-01, 1.46303877e-01,
        1.42786935e-01, 1.43145531e-01, 1.47135258e-01, 1.94065392e-01,
        2.67261297e-01, 2.56029665e-01, 2.87116468e-01, 5.81211030e-01,
        2.51765460e-01, 1.51634037e-01, 1.59493268e-01, 1.47701398e-01,
        1.45484090e-01, 1.45202607e-01, 1.49055019e-01 ],
    "descriptor_time": [ 4.88267727e-02, 1.84176937e-02, 1.84164606e-02,
        1.81513671e-02, 1.86685137e-02, 1.87296309e-02, 2.35963035e-02,
        1.92323271e-02, 8.93949345e-02, 3.57821211e-02, 7.78483897e-02,
        4.07789573e-02, 1.98324844e-02, 2.55113076e-02, 2.01397669e-02,
        2.04524696e-02, 2.30487883e-02, 2.15070266e-02 ],
    "matcher_time": [ 2.69162178e-01, 1.98808834e-01, 1.93306968e-01,
        1.82066068e-01, 2.39417613e-01, 1.92554042e-01, 2.01592490e-01,
        2.31454313e-01, 6.26421511e-01, 3.83639008e-01, 4.64770734e-01,
        4.03108329e-01, 2.21245944e-01, 2.57484406e-01, 2.26075679e-01,
        2.29734257e-01, 2.58710653e-01, 2.40463614e-01 ],
    "detector_time_avg": 2.0259904861450195e-01,
    "descriptor_time_avg": 3.1018627807497978e-02,
    "matcher_time_avg": 2.7946206927299500e-01,
    "feature_count": [ 0.0, 0.0, 0.0, 0.0, 0.0, 0.0, 0.0, 0.0, 0.0, 0.0,
        0.0, 0.0, 0.0, 0.0, 0.0, 0.0, 0.0, 0.0 ],
    "match_count": [ 0.0, 0.0, 0.0, 0.0, 0.0, 0.0, 0.0, 0.0, 0.0, 0.0,
        0.0, 0.0, 0.0, 0.0, 0.0, 0.0, 0.0, 0.0 ],
    "feature_count_avg": 0.0,
    "match_count_avg": 0.0,
    "feature_size": [
    ],
    "ttc_lidar": [ 1.2972158904366587e+01, 1.2264037610454634e+01,
        1.6963042013496565e+01, 1.3833989271117169e+01,
        1.2004663308945149e+01, 7.3592115070344954e+00,
        3.7800035762820976e+01, 1.6699971389819016e+01,
        1.6979672497128117e+01, 1.3006981043684853e+01,
        1.1306143857976011e+01, 9.4441383196784763e+00,
        9.3441968045578410e+00, 1.1891678388924651e+01,
        7.8277645911923033e+00, 9.4202855872516746e+00,
        9.1946314698608269e+00, 8.3097786771803737e+00 ],
    "ttc_camera": [ 1.2067637524408017e+01, 1.3753582159906793e+01,
        1.2646141817456892e+01, 1.8783156068032220e+01,
        1.4392302477405501e+01, 1.0617406564599957e+01,
        1.3869304718801191e+01, 1.4425260694693913e+01,
        1.2778697990422792e+01, 9.8630574924309897e+00,
        1.1928727567302600e+01, 1.0727330388681505e+01,
        1.0267521435808733e+01, 9.1966418374099757e+00,
        9.4693546347308395e+00, 8.2715870906238003e+00,
        8.6126492533282093e+00, 8.4576814379436946e+00 ],
    "kp_roi_count": [ 157, 141, 163, 150, 140, 141, 166, 168, 184, 134,
        140, 161, 154, 142, 138, 141, 129, 138 ],
    "kp_roi_matches": [ 92, 78, 105, 98, 93, 98, 109, 114, 119, 95, 90,
        91, 105, 103, 101, 102, 85, 92 ]
}
