{
    "detector_type": "SIFT",
    "descriptor_type": "FREAK",
    "matcher_type": "MAT_BF",
    "selector_type": "SEL_KNN",
    "detector_time": [ 1.52695835e-01, 1.47894144e-01, 1.43424630e-01,
        1.42632410e-01, 1.40072018e-01, 1.45346433e-01, 1.68121129e-01,
        1.71317637e-01, 1.70517862e-01, 1.58479139e-01, 1.96142912e-01,
        6.25564635e-01, 1.55341759e-01, 1.51308298e-01, 1.49544463e-01,
        1.54734224e-01, 1.55344591e-01, 1.56124115e-01 ],
    "descriptor_time": [ 1.91954449e-02, 1.82524994e-02, 1.83237884e-02,
        1.82053875e-02, 1.97070036e-02, 1.91751495e-02, 1.91743113e-02,
        1.96399204e-02, 2.07284261e-02, 2.58937757e-02, 2.03097388e-02,
        8.41482133e-02, 2.15354301e-02, 2.04669703e-02, 2.16772668e-02,
        2.09533311e-02, 2.11109947e-02, 2.20449753e-02 ],
    "matcher_time": [ 8.33193213e-02, 7.89561793e-02, 7.78071955e-02,
        7.63198063e-02, 8.21585953e-02, 8.11104104e-02, 8.16929266e-02,
        8.61548036e-02, 1.05554700e-01, 1.36438444e-01, 9.42021683e-02,
        2.28870824e-01, 9.34042558e-02, 9.47869867e-02, 9.75884870e-02,
        9.59167033e-02, 9.68588963e-02, 9.99373123e-02 ],
    "detector_time_avg": 1.8247812986373901e-01,
    "descriptor_time_avg": 2.3919036611914635e-02,
    "matcher_time_avg": 1.0045640170574188e-01,
    "feature_count": [ 0.0, 0.0, 0.0, 0.0, 0.0, 0.0, 0.0, 0.0, 0.0, 0.0,
        0.0, 0.0, 0.0, 0.0, 0.0, 0.0, 0.0, 0.0 ],
    "match_count": [ 0.0, 0.0, 0.0, 0.0, 0.0, 0.0, 0.0, 0.0, 0.0, 0.0,
        0.0, 0.0, 0.0, 0.0, 0.0, 0.0, 0.0, 0.0 ],
    "feature_count_avg": 0.0,
    "match_count_avg": 0.0,
    "feature_size": [
    ],
    "ttc_lidar": [ 1.2972158904366587e+01, 1.2264037610454634e+01,
        1.6963042013496565e+01, 1.3833989271117169e+01,
        1.2004663308945149e+01, 7.3592115070344954e+00,
        3.7800035762820976e+01, 1.6699971389819016e+01,
        1.6979672497128117e+01, 1.3006981043684853e+01,
        1.1306143857976011e+01, 9.4441383196784763e+00,
        9.3441968045578410e+00, 1.1891678388924651e+01,
        7.8277645911923033e+00, 9.4202855872516746e+00,
        9.1946314698608269e+00, 8.3097786771803737e+00 ],
    "ttc_camera": [ 1.2512373978534603e+01, 1.2235831800747272e+01,
        1.2726863719587508e+01, 1.7771744053206088e+01,
        1.4606589686142488e+01, 9.1481298665756121e+00,
        1.2700872778608586e+01, 1.2652813515371493e+01,
        1.2246979013022242e+01, 9.5086718610371861e+00,
        1.1102465612219072e+01, 1.0690413944627856e+01,
        9.1628239374336982e+00, 9.3319131243569853e+00,
        9.3830234302389179e+00, 8.9583618752091443e+00,
        8.6795396237749589e+00, 8.8735926113136880e+00 ],
    "kp_roi_count": [ 138, 136, 153, 145, 141, 158, 181, 157, 172, 141,
        129, 152, 149, 138, 131, 136, 125, 131 ],
    "kp_roi_matches": [ 93, 84, 108, 100, 93, 103, 112, 115, 121, 96, 94,
        95, 104, 101, 99, 103, 84, 94 ]
}
