{
    "detector_type": "SURF",
    "descriptor_type": "BRISK",
    "matcher_type": "MAT_BF",
    "selector_type": "SEL_KNN",
    "detector_time": [ 1.45077214e-01, 1.42096013e-01, 1.42149061e-01,
        1.46801680e-01, 1.46688297e-01, 1.45031691e-01, 1.65757090e-01,
        1.55371681e-01, 4.56521690e-01, 3.04295897e-01, 1.52416572e-01,
        1.50322437e-01, 1.60199732e-01, 1.64078400e-01, 1.51749536e-01,
        1.52511120e-01, 1.51775658e-01, 1.54393777e-01 ],
    "descriptor_time": [ 2.80345213e-02, 2.82241907e-02, 2.86907442e-02,
        2.96992380e-02, 2.97972597e-02, 3.04029007e-02, 3.10387798e-02,
        3.15764584e-02, 1.52878299e-01, 5.08698039e-02, 3.14830504e-02,
        3.21362726e-02, 3.21162790e-02, 3.21065150e-02, 3.27077098e-02,
        3.32828537e-02, 3.23861726e-02, 5.31524308e-02 ],
    "matcher_time": [ 1.39750436e-01, 1.51305571e-01, 1.45284817e-01,
        1.54197559e-01, 1.54085204e-01, 1.55115709e-01, 1.80609182e-01,
        1.95656195e-01, 5.77773213e-01, 2.70882010e-01, 1.79819137e-01,
        1.68660074e-01, 1.70053333e-01, 1.74393281e-01, 1.76284716e-01,
        1.77127063e-01, 1.78860471e-01, 2.70802975e-01 ],
    "detector_time_avg": 1.7706875503063202e-01,
    "descriptor_time_avg": 4.0032416582107544e-02,
    "matcher_time_avg": 2.0475944876670837e-01,
    "feature_count": [ 0.0, 0.0, 0.0, 0.0, 0.0, 0.0, 0.0, 0.0, 0.0, 0.0,
        0.0, 0.0, 0.0, 0.0, 0.0, 0.0, 0.0, 0.0 ],
    "match_count": [ 0.0, 0.0, 0.0, 0.0, 0.0, 0.0, 0.0, 0.0, 0.0, 0.0,
        0.0, 0.0, 0.0, 0.0, 0.0, 0.0, 0.0, 0.0 ],
    "feature_count_avg": 0.0,
    "match_count_avg": 0.0,
    "feature_size": [
    ],
    "ttc_lidar": [ 1.2972158904366587e+01, 1.2264037610454634e+01,
        1.6963042013496565e+01, 1.3833989271117169e+01,
        1.2004663308945149e+01, 7.3592115070344954e+00,
        3.7800035762820976e+01, 1.6699971389819016e+01,
        1.6979672497128117e+01, 1.3006981043684853e+01,
        1.1306143857976011e+01, 9.4441383196784763e+00,
        9.3441968045578410e+00, 1.1891678388924651e+01,
        7.8277645911923033e+00, 9.4202855872516746e+00,
        9.1946314698608269e+00, 8.3097786771803737e+00 ],
    "ttc_camera": [ 1.3570371821485280e+01, 1.4032658475204254e+01,
        1.3371036477942207e+01, 1.4020655314096325e+01,
        1.7924106751011983e+01, 1.3197054682137958e+01,
        1.4120435854621345e+01, 1.1901341785720570e+01,
        1.2875505159054914e+01, 1.0962348281675236e+01,
        9.6525559498950173e+00, 1.0735328845338174e+01,
        1.0169473243690692e+01, 9.9093492499375131e+00,
        9.7157873124283398e+00, 9.5316676446290565e+00,
        9.0845074590489698e+00, 9.2952757617920465e+00 ],
    "kp_roi_count": [ 146, 156, 178, 170, 182, 170, 184, 189, 167, 173,
        156, 161, 178, 166, 161, 181, 162, 154 ],
    "kp_roi_matches": [ 114, 122, 133, 147, 147, 143, 141, 153, 138, 137,
        135, 130, 130, 138, 136, 138, 133, 127 ]
}
