{
    "detector_type": "ORB",
    "descriptor_type": "BRIEF",
    "matcher_type": "MAT_BF",
    "selector_type": "SEL_KNN",
    "detector_time": [ 2.91030146e-02, 1.78298932e-02, 1.82630308e-02,
        1.56734716e-02, 1.81649663e-02, 1.61055438e-02, 1.93017796e-02,
        1.61133893e-02, 1.96022149e-02, 1.88085008e-02, 1.61794033e-02,
        1.86160542e-02, 1.86998732e-02, 1.87512785e-02, 1.71473473e-02,
        1.90201811e-02, 1.86779518e-02, 1.87499262e-02 ],
    "descriptor_time": [ 2.80331224e-02, 2.76787039e-02, 2.91038714e-02,
        2.76278891e-02, 2.74689365e-02, 2.75425185e-02, 2.77401693e-02,
        2.83334982e-02, 2.73216832e-02, 2.75046099e-02, 2.82205939e-02,
        2.78555434e-02, 2.81766318e-02, 2.94183288e-02, 2.84560230e-02,
        2.81275064e-02, 2.87288558e-02, 2.83526909e-02 ],
    "matcher_time": [ 1.28525585e-01, 1.29384175e-01, 1.28951281e-01,
        1.27515823e-01, 1.30175978e-01, 1.29346684e-01, 1.32674307e-01,
        1.40419677e-01, 1.30564898e-01, 1.31361291e-01, 1.31947652e-01,
        1.30001694e-01, 1.31908625e-01, 1.35185987e-01, 1.35316163e-01,
        1.37605429e-01, 1.39427677e-01, 1.38871998e-01 ],
    "detector_time_avg": 1.8600434064865112e-02,
    "descriptor_time_avg": 2.8093954548239708e-02,
    "matcher_time_avg": 1.3297995924949646e-01,
    "feature_count": [ 0.0, 0.0, 0.0, 0.0, 0.0, 0.0, 0.0, 0.0, 0.0, 0.0,
        0.0, 0.0, 0.0, 0.0, 0.0, 0.0, 0.0, 0.0 ],
    "match_count": [ 0.0, 0.0, 0.0, 0.0, 0.0, 0.0, 0.0, 0.0, 0.0, 0.0,
        0.0, 0.0, 0.0, 0.0, 0.0, 0.0, 0.0, 0.0 ],
    "feature_count_avg": 0.0,
    "match_count_avg": 0.0,
    "feature_size": [
    ],
    "ttc_lidar": [ 1.2972158904366587e+01, 1.2264037610454634e+01,
        1.6963042013496565e+01, 1.3833989271117169e+01,
        1.2004663308945149e+01, 7.3592115070344954e+00,
        3.7800035762820976e+01, 1.6699971389819016e+01,
        1.6979672497128117e+01, 1.3006981043684853e+01,
        1.1306143857976011e+01, 9.4441383196784763e+00,
        9.3441968045578410e+00, 1.1891678388924651e+01,
        7.8277645911923033e+00, 9.4202855872516746e+00,
        9.1946314698608269e+00, 8.3097786771803737e+00 ],
    "ttc_camera": [ 1.2533685028916826e+01, 1.4037060554826089e+01,
        3.6479612697913240e+01, 1.4969741458426086e+01,
        4.8994612519662688e+01, 9.5162280256778242e+00,
        1.1690598639463783e+01, 1.3816476823494410e+01,
        2.5249543542231883e+01, 8.0600427094062184e+00,
        8.1288464464494066e+00, 1.0227299849570443e+01,
        8.1274908119614206e+00, 8.2348156346164920e+00,
        7.0481426481482545e+00, 7.9245722790399311e+00,
        9.7957907127931065e+00, 7.9813458091401230e+00 ],
    "kp_roi_count": [ 214, 214, 244, 242, 265, 247, 278, 283, 245, 272,
        251, 258, 257, 250, 244, 283, 272, 276 ],
    "kp_roi_matches": [ 143, 112, 148, 169, 152, 137, 138, 146, 128, 130,
        146, 124, 161, 145, 150, 158, 183, 184 ]
}
