{
    "detector_type": "SURF",
    "descriptor_type": "BRIEF",
    "matcher_type": "MAT_BF",
    "selector_type": "SEL_KNN",
    "detector_time": [ 1.51482537e-01, 1.45137727e-01, 1.41661778e-01,
        1.44643679e-01, 1.42625898e-01, 1.54796585e-01, 1.51279956e-01,
        1.47445992e-01, 1.52229667e-01, 1.51372924e-01, 1.55952930e-01,
        1.55030563e-01, 1.44610897e-01, 1.55429810e-01, 2.81541288e-01,
        1.57345921e-01, 2.64934242e-01, 3.24360043e-01 ],
    "descriptor_time": [ 2.51368023e-02, 3.13450843e-02, 2.61013638e-02,
        2.54995916e-02, 2.41795350e-02, 2.65263636e-02, 2.34152861e-02,
        2.64241472e-02, 2.58840546e-02, 2.58739255e-02, 2.64653973e-02,
        2.53108982e-02, 2.29582135e-02, 2.36286484e-02, 2.61058658e-02,
        2.78458707e-02, 4.23756465e-02, 4.37062904e-02 ],
    "matcher_time": [ 1.59101903e-01, 1.60635322e-01, 1.62011668e-01,
        1.74734280e-01, 1.79979756e-01, 1.76339775e-01, 1.75701767e-01,
        1.82977274e-01, 1.88167617e-01, 2.02998221e-01, 2.04045996e-01,
        2.06828654e-01, 1.99240297e-01, 2.11829185e-01, 3.16915870e-01,
        2.10115701e-01, 2.85890937e-01, 4.48630810e-01 ],
    "detector_time_avg": 1.7343792319297791e-01,
    "descriptor_time_avg": 2.7710167691111565e-02,
    "matcher_time_avg": 2.1688486635684967e-01,
    "feature_count": [ 0.0, 0.0, 0.0, 0.0, 0.0, 0.0, 0.0, 0.0, 0.0, 0.0,
        0.0, 0.0, 0.0, 0.0, 0.0, 0.0, 0.0, 0.0 ],
    "match_count": [ 0.0, 0.0, 0.0, 0.0, 0.0, 0.0, 0.0, 0.0, 0.0, 0.0,
        0.0, 0.0, 0.0, 0.0, 0.0, 0.0, 0.0, 0.0 ],
    "feature_count_avg": 0.0,
    "match_count_avg": 0.0,
    "feature_size": [
    ],
    "ttc_lidar": [ 1.2972158904366587e+01, 1.2264037610454634e+01,
        1.6963042013496565e+01, 1.3833989271117169e+01,
        1.2004663308945149e+01, 7.3592115070344954e+00,
        3.7800035762820976e+01, 1.6699971389819016e+01,
        1.6979672497128117e+01, 1.3006981043684853e+01,
        1.1306143857976011e+01, 9.4441383196784763e+00,
        9.3441968045578410e+00, 1.1891678388924651e+01,
        7.8277645911923033e+00, 9.4202855872516746e+00,
        9.1946314698608269e+00, 8.3097786771803737e+00 ],
    "ttc_camera": [ 1.1295524032428814e+01, 1.3664035094446721e+01,
        1.3967817106202055e+01, 1.3548371270807399e+01,
        1.6400111525490278e+01, 1.2495459464953116e+01,
        1.4779893445978816e+01, 1.1499914371889735e+01,
        1.1756846658221855e+01, 1.1300068034647236e+01,
        1.0711345877682778e+01, 9.6704089302708436e+00,
        1.0592146714348564e+01, 1.0573838039284437e+01,
        9.2173014354268119e+00, 9.5435577616220417e+00,
        9.3566148415356825e+00, 8.5698009338195664e+00 ],
    "kp_roi_count": [ 148, 174, 187, 186, 185, 175, 193, 185, 167, 182,
        177, 169, 161, 171, 158, 184, 178, 165 ],
    "kp_roi_matches": [ 126, 136, 150, 168, 168, 160, 168, 169, 158, 158,
        155, 147, 149, 156, 141, 154, 152, 146 ]
}
