{
    "detector_type": "HARRIS",
    "descriptor_type": "BRIEF",
    "matcher_type": "MAT_BF",
    "selector_type": "SEL_KNN",
    "detector_time": [ 1.56021658e-02, 2.02552490e-02, 1.85032114e-02,
        2.00132169e-02, 2.02796515e-02, 2.37289034e-02, 1.59188099e-02,
        1.62435733e-02, 1.18571781e-02, 2.26309709e-02, 2.15789136e-02,
        1.59492157e-02, 2.34842896e-02, 1.96752138e-02, 1.69171989e-02,
        1.19588217e-02, 2.08979435e-02, 1.95341036e-02 ],
    "descriptor_time": [ 1.10318838e-02, 4.50762594e-03, 7.23676197e-03,
        1.12592084e-02, 1.05284518e-02, 1.14566442e-02, 1.30587826e-02,
        8.21239315e-03, 4.99114580e-03, 1.17835458e-02, 5.89100504e-03,
        7.08377594e-03, 7.66013097e-03, 5.63067989e-03, 1.20782694e-02,
        9.58885439e-03, 4.74045286e-03, 5.43975923e-03 ],
    "matcher_time": [ 8.04874301e-03, 6.54407591e-03, 4.76530101e-03,
        1.59180816e-02, 2.64484454e-02, 4.00768183e-02, 3.99822965e-02,
        2.65632346e-02, 6.12195581e-03, 9.14684404e-03, 1.19727449e-02,
        6.58491906e-03, 9.28894337e-03, 6.77595614e-03, 1.16332844e-02,
        3.37115750e-02, 6.78482279e-03, 3.58510204e-03 ],
    "detector_time_avg": 1.8612703308463097e-02,
    "descriptor_time_avg": 8.4544084966182709e-03,
    "matcher_time_avg": 1.5641435980796814e-02,
    "feature_count": [ 0.0, 0.0, 0.0, 0.0, 0.0, 0.0, 0.0, 0.0, 0.0, 0.0,
        0.0, 0.0, 0.0, 0.0, 0.0, 0.0, 0.0, 0.0 ],
    "match_count": [ 0.0, 0.0, 0.0, 0.0, 0.0, 0.0, 0.0, 0.0, 0.0, 0.0,
        0.0, 0.0, 0.0, 0.0, 0.0, 0.0, 0.0, 0.0 ],
    "feature_count_avg": 0.0,
    "match_count_avg": 0.0,
    "feature_size": [
    ],
    "ttc_lidar": [ 1.2972158904366587e+01, 1.2264037610454634e+01,
        1.6963042013496565e+01, 1.3833989271117169e+01,
        1.2004663308945149e+01, 7.3592115070344954e+00,
        3.7800035762820976e+01, 1.6699971389819016e+01,
        1.6979672497128117e+01, 1.3006981043684853e+01,
        1.1306143857976011e+01, 9.4441383196784763e+00,
        9.3441968045578410e+00, 1.1891678388924651e+01,
        7.8277645911923033e+00, 9.4202855872516746e+00,
        9.1946314698608269e+00, 8.3097786771803737e+00 ],
    "ttc_camera": [ 6.1001474202469872e+01, 0.0, 1.0856015261577518e+01,
        1.2632132189533573e+01, 1.1464417027229441e+01,
        1.9252502062058927e+01, 5.9457013340463121e+00,
        3.9151202049229198e+01, 9.6466069155263590e+00, 0.0,
        6.0890164483688398e+00, 0.0, 2.1983541959187058e+01,
        9.5304533377287619e+00, 9.5941069715225815e+00,
        7.1547931956932542e+00, 1.1849121019831776e+01,
        6.1826727246283140e+00 ],
    "kp_roi_count": [ 31, 100, 50, 74, 109, 97, 123, 152, 77, 45, 82, 51,
        74, 83, 54, 116, 84, 49 ],
    "kp_roi_matches": [ 19, 32, 24, 54, 68, 44, 53, 68, 31, 20, 44, 22,
        49, 31, 24, 52, 49, 26 ]
}
