{
    "detector_type": "ORB",
    "descriptor_type": "SURF",
    "matcher_type": "MAT_BF",
    "selector_type": "SEL_KNN",
    "detector_time": [ 1.83577146e-02, 1.61961354e-02, 1.76827293e-02,
        1.81382746e-02, 1.59789603e-02, 1.82111505e-02, 1.81701146e-02,
        1.75956376e-02, 1.82791632e-02, 1.99736543e-02, 1.87348835e-02,
        2.42946837e-02, 1.72280911e-02, 4.01601046e-02, 6.88443258e-02,
        3.31464484e-02, 1.91327911e-02, 1.84441861e-02 ],
    "descriptor_time": [ 2.77279522e-02, 2.82314010e-02, 2.80191712e-02,
        2.79849768e-02, 2.81553343e-02, 2.76353620e-02, 2.86665354e-02,
        2.84151062e-02, 2.74390746e-02, 2.82615516e-02, 2.72301901e-02,
        3.43872942e-02, 4.24118824e-02, 1.55615479e-01, 4.63834852e-02,
        1.11146756e-01, 2.87168380e-02, 3.03672608e-02 ],
    "matcher_time": [ 3.20479393e-01, 3.19599420e-01, 3.20088744e-01,
        3.23387146e-01, 3.41833264e-01, 3.22716266e-01, 3.25973749e-01,
        3.34143341e-01, 3.23867530e-01, 3.23983252e-01, 3.18846554e-01,
        3.58542740e-01, 3.30530673e-01, 8.51802111e-01, 4.22946781e-01,
        9.95456815e-01, 3.51057321e-01, 3.53957355e-01 ],
    "detector_time_avg": 2.3253835737705231e-02,
    "descriptor_time_avg": 4.2044207453727722e-02,
    "matcher_time_avg": 4.0698429942131042e-01,
    "feature_count": [ 0.0, 0.0, 0.0, 0.0, 0.0, 0.0, 0.0, 0.0, 0.0, 0.0,
        0.0, 0.0, 0.0, 0.0, 0.0, 0.0, 0.0, 0.0 ],
    "match_count": [ 0.0, 0.0, 0.0, 0.0, 0.0, 0.0, 0.0, 0.0, 0.0, 0.0,
        0.0, 0.0, 0.0, 0.0, 0.0, 0.0, 0.0, 0.0 ],
    "feature_count_avg": 0.0,
    "match_count_avg": 0.0,
    "feature_size": [
    ],
    "ttc_lidar": [ 1.2972158904366587e+01, 1.2264037610454634e+01,
        1.6963042013496565e+01, 1.3833989271117169e+01,
        1.2004663308945149e+01, 7.3592115070344954e+00,
        3.7800035762820976e+01, 1.6699971389819016e+01,
        1.6979672497128117e+01, 1.3006981043684853e+01,
        1.1306143857976011e+01, 9.4441383196784763e+00,
        9.3441968045578410e+00, 1.1891678388924651e+01,
        7.8277645911923033e+00, 9.4202855872516746e+00,
        9.1946314698608269e+00, 8.3097786771803737e+00 ],
    "ttc_camera": [ 1.1974590899179693e+01, 2.3273764260067480e+01,
        2.2202897940924075e+01, 1.8347355393262259e+01,
        2.5913533346723476e+01, 8.3381644487364017e+00,
        8.5960979065341601e+00, 2.6991608846434072e+01,
        1.2195111777027325e+01, 9.0359084492348281e+00,
        8.4170701431269865e+00, 6.7655210406540389e+00,
        1.1477661918228979e+01, 7.4003197287549103e+00,
        6.7300790113381508e+00, 7.7550379783715302e+00,
        1.2395643954403972e+01, 8.3893894911408431e+00 ],
    "kp_roi_count": [ 216, 221, 247, 247, 262, 254, 275, 272, 254, 278,
        251, 259, 259, 246, 244, 286, 273, 285 ],
    "kp_roi_matches": [ 146, 113, 154, 173, 151, 137, 139, 146, 131, 130,
        143, 123, 162, 142, 149, 156, 182, 187 ]
}
