{
    "detector_type": "SHITOMASI",
    "descriptor_type": "SIFT",
    "matcher_type": "MAT_BF",
    "selector_type": "SEL_KNN",
    "detector_time": [ 1.58593096e-02, 1.78616587e-02, 1.81500558e-02,
        1.25570036e-02, 1.75195932e-02, 1.90024376e-02, 1.77981574e-02,
        1.82079263e-02, 1.67445000e-02, 1.62959211e-02, 1.81354508e-02,
        1.47996340e-02, 1.85902212e-02, 2.14672815e-02, 1.98252369e-02,
        1.24559924e-02, 1.66841019e-02, 1.83004662e-02 ],
    "descriptor_time": [ 2.25521438e-02, 1.81574635e-02, 1.81714967e-02,
        1.85367055e-02, 1.79366283e-02, 1.81409195e-02, 1.85612552e-02,
        1.87918991e-02, 1.86734982e-02, 1.82489082e-02, 1.89106911e-02,
        1.89876277e-02, 1.85995698e-02, 1.85111407e-02, 1.92628987e-02,
        1.85880288e-02, 1.90595742e-02, 2.00901870e-02 ],
    "matcher_time": [ 2.22499296e-01, 1.72438279e-01, 1.78048521e-01,
        1.81329086e-01, 1.71898425e-01, 1.73498914e-01, 1.81464389e-01,
        1.82286635e-01, 1.83974653e-01, 1.82644919e-01, 1.84464902e-01,
        1.89019144e-01, 1.87352851e-01, 1.85893610e-01, 1.94191724e-01,
        1.93885028e-01, 1.92662194e-01, 2.05165043e-01 ],
    "detector_time_avg": 1.7236389219760895e-02,
    "descriptor_time_avg": 1.8876701593399048e-02,
    "matcher_time_avg": 1.8471872806549072e-01,
    "feature_count": [ 0.0, 0.0, 0.0, 0.0, 0.0, 0.0, 0.0, 0.0, 0.0, 0.0,
        0.0, 0.0, 0.0, 0.0, 0.0, 0.0, 0.0, 0.0 ],
    "match_count": [ 0.0, 0.0, 0.0, 0.0, 0.0, 0.0, 0.0, 0.0, 0.0, 0.0,
        0.0, 0.0, 0.0, 0.0, 0.0, 0.0, 0.0, 0.0 ],
    "feature_count_avg": 0.0,
    "match_count_avg": 0.0,
    "feature_size": [
    ],
    "ttc_lidar": [ 1.2972158904366587e+01, 1.2264037610454634e+01,
        1.6963042013496565e+01, 1.3833989271117169e+01,
        1.2004663308945149e+01, 7.3592115070344954e+00,
        3.7800035762820976e+01, 1.6699971389819016e+01,
        1.6979672497128117e+01, 1.3006981043684853e+01,
        1.1306143857976011e+01, 9.4441383196784763e+00,
        9.3441968045578410e+00, 1.1891678388924651e+01,
        8.1011148076490951e+00, 9.0532864751052777e+00,
        9.1946314698608269e+00, 1.0674978020831782e+01 ],
    "ttc_camera": [ 1.3673261050999493e+01, 1.2768023856047396e+01,
        1.5204421265926523e+01, 1.0598251476657166e+01,
        1.2108257765830611e+01, 1.5065303471815259e+01,
        9.7412541040553275e+00, 1.1772349511721346e+01,
        9.0086889505981596e+00, 8.4998155873930408e+00,
        9.8100854244520139e+00, 1.0086675290577986e+01,
        9.8176610856587079e+00, 9.0370582167950388e+00,
        7.3875210093528452e+00, 6.3840558870486896e+00,
        8.1180762833216100e+00, 7.7551991811983036e+00 ],
    "kp_roi_count": [ 112, 115, 88, 101, 116, 112, 131, 124, 107, 110,
        91, 123, 135, 109, 110, 119, 112, 110 ],
    "kp_roi_matches": [ 57, 46, 49, 60, 65, 47, 55, 51, 48, 41, 53, 52,
        57, 52, 52, 52, 69, 68 ]
}
