{
    "detector_type": "SURF",
    "descriptor_type": "FREAK",
    "matcher_type": "MAT_BF",
    "selector_type": "SEL_KNN",
    "detector_time": [ 1.47655621e-01, 2.19814911e-01, 1.49605975e-01,
        4.43394214e-01, 1.51121750e-01, 1.67727351e-01, 1.49429366e-01,
        1.55061021e-01, 1.84898227e-01, 1.47536173e-01, 1.62175491e-01,
        1.49513289e-01, 1.64256379e-01, 1.74206436e-01, 1.54089272e-01,
        1.52642161e-01, 1.60196438e-01, 1.73453927e-01 ],
    "descriptor_time": [ 3.04972995e-02, 2.90074795e-02, 2.91958340e-02,
        4.71303351e-02, 3.64155062e-02, 3.20272222e-02, 2.99144238e-02,
        3.10729127e-02, 3.26729827e-02, 3.20251733e-02, 3.30039859e-02,
        3.31376493e-02, 3.17405127e-02, 3.58265229e-02, 3.34972814e-02,
        3.39555144e-02, 3.42175439e-02, 3.31630036e-02 ],
    "matcher_time": [ 1.50675267e-01, 1.49913326e-01, 1.49024293e-01,
        3.11309189e-01, 1.96633264e-01, 1.53650299e-01, 1.55866653e-01,
        1.57315001e-01, 1.72686070e-01, 1.81623876e-01, 1.67557359e-01,
        1.69115469e-01, 1.70652449e-01, 1.86148778e-01, 1.76337093e-01,
        1.78589195e-01, 1.76540405e-01, 1.79932907e-01 ],
    "detector_time_avg": 1.7815433442592621e-01,
    "descriptor_time_avg": 3.3250067383050919e-02,
    "matcher_time_avg": 1.7840561270713806e-01,
    "feature_count": [ 0.0, 0.0, 0.0, 0.0, 0.0, 0.0, 0.0, 0.0, 0.0, 0.0,
        0.0, 0.0, 0.0, 0.0, 0.0, 0.0, 0.0, 0.0 ],
    "match_count": [ 0.0, 0.0, 0.0, 0.0, 0.0, 0.0, 0.0, 0.0, 0.0, 0.0,
        0.0, 0.0, 0.0, 0.0, 0.0, 0.0, 0.0, 0.0 ],
    "feature_count_avg": 0.0,
    "match_count_avg": 0.0,
    "feature_size": [
    ],
    "ttc_lidar": [ 1.2972158904366587e+01, 1.2264037610454634e+01,
        1.6963042013496565e+01, 1.3833989271117169e+01,
        1.2004663308945149e+01, 7.3592115070344954e+00,
        3.7800035762820976e+01, 1.6699971389819016e+01,
        1.6979672497128117e+01, 1.3006981043684853e+01,
        1.1306143857976011e+01, 9.4441383196784763e+00,
        9.3441968045578410e+00, 1.1891678388924651e+01,
        7.8277645911923033e+00, 9.4202855872516746e+00,
        9.1946314698608269e+00, 8.3097786771803737e+00 ],
    "ttc_camera": [ 1.3570371821485280e+01, 1.4032658475204254e+01,
        1.3371036477942207e+01, 1.4020655314096325e+01,
        1.7924106751011983e+01, 1.3197054682137958e+01,
        1.4120435854621345e+01, 1.1901341785720570e+01,
        1.2875505159054914e+01, 1.0962348281675236e+01,
        9.6525559498950173e+00, 1.0735328845338174e+01,
        1.0169473243690692e+01, 9.9093492499375131e+00,
        9.7157873124283398e+00, 9.5316676446290565e+00,
        9.0845074590489698e+00, 9.2952757617920465e+00 ],
    "kp_roi_count": [ 146, 156, 178, 170, 182, 170, 184, 189, 167, 173,
        156, 161, 178, 166, 161, 181, 162, 154 ],
    "kp_roi_matches": [ 114, 122, 133, 147, 147, 143, 141, 153, 138, 137,
        135, 130, 130, 138, 136, 138, 133, 127 ]
}
