{
    "detector_type": "HARRIS",
    "descriptor_type": "SIFT",
    "matcher_type": "MAT_BF",
    "selector_type": "SEL_KNN",
    "detector_time": [ 2.40260288e-02, 1.58527624e-02, 1.81813221e-02,
        2.11432353e-02, 1.20969992e-02, 2.01359764e-02, 1.93708166e-02,
        1.85511280e-02, 1.90523621e-02, 2.25887503e-02, 1.97367668e-02,
        2.07740813e-02, 1.92173515e-02, 1.95141621e-02, 2.26528738e-02,
        1.95536949e-02, 1.87212005e-02, 1.93763170e-02 ],
    "descriptor_time": [ 9.36854072e-03, 4.45988495e-03, 7.03790877e-03,
        1.13360770e-02, 1.11268377e-02, 1.17827523e-02, 1.28242942e-02,
        8.03822279e-03, 4.93262196e-03, 1.16579998e-02, 5.93896303e-03,
        7.18901586e-03, 7.80385220e-03, 5.67340478e-03, 1.20551810e-02,
        9.38027166e-03, 4.54956992e-03, 5.52251516e-03 ],
    "matcher_time": [ 1.95961855e-02, 2.18060687e-02, 1.76871903e-02,
        4.67344262e-02, 6.70383275e-02, 7.07485825e-02, 8.53766799e-02,
        6.03225678e-02, 2.21347157e-02, 2.72701178e-02, 4.44115847e-02,
        2.13019326e-02, 2.88685597e-02, 2.09036246e-02, 4.01601866e-02,
        6.69344440e-02, 1.85606107e-02, 1.61268916e-02 ],
    "detector_time_avg": 1.9474767148494720e-02,
    "descriptor_time_avg": 8.3709945902228355e-03,
    "matcher_time_avg": 3.9787441492080688e-02,
    "feature_count": [ 0.0, 0.0, 0.0, 0.0, 0.0, 0.0, 0.0, 0.0, 0.0, 0.0,
        0.0, 0.0, 0.0, 0.0, 0.0, 0.0, 0.0, 0.0 ],
    "match_count": [ 0.0, 0.0, 0.0, 0.0, 0.0, 0.0, 0.0, 0.0, 0.0, 0.0,
        0.0, 0.0, 0.0, 0.0, 0.0, 0.0, 0.0, 0.0 ],
    "feature_count_avg": 0.0,
    "match_count_avg": 0.0,
    "feature_size": [
    ],
    "ttc_lidar": [ 1.2972158904366587e+01, 1.2264037610454634e+01,
        1.6963042013496565e+01, 1.3833989271117169e+01,
        1.2004663308945149e+01, 7.3592115070344954e+00,
        3.7800035762820976e+01, 1.6699971389819016e+01,
        1.6979672497128117e+01, 1.3006981043684853e+01,
        1.1306143857976011e+01, 9.4441383196784763e+00,
        9.3441968045578410e+00, 1.1891678388924651e+01,
        7.8277645911923033e+00, 9.4202855872516746e+00,
        9.1946314698608269e+00, 8.3097786771803737e+00 ],
    "ttc_camera": [ 0.0, 1.2520015765873012e+01, 1.1217425180269920e+01,
        1.2675087321773869e+01, 1.1038075666081260e+01, 0.0,
        6.0757224645498527e+00, 4.4385008673118648e+01,
        1.0802337484036855e+01, 0.0, 1.1565719695591222e+01, 0.0,
        1.1426037862541801e+01, 8.9219107016666506e+00,
        9.5941069715225815e+00, 6.7867503138406065e+00,
        1.0984227213765562e+01, 6.1578506430507112e+00 ],
    "kp_roi_count": [ 32, 107, 50, 60, 118, 98, 114, 156, 81, 41, 80, 54,
        71, 81, 56, 116, 89, 47 ],
    "kp_roi_matches": [ 22, 36, 25, 47, 70, 46, 49, 71, 35, 19, 46, 23,
        44, 34, 26, 51, 44, 26 ]
}
