{
    "detector_type": "BRISK",
    "descriptor_type": "FREAK",
    "matcher_type": "MAT_BF",
    "selector_type": "SEL_KNN",
    "detector_time": [ 4.66359295e-02, 4.48141806e-02, 4.49546278e-02,
        4.46907729e-02, 4.51310612e-02, 4.58450653e-02, 4.61158268e-02,
        4.61703539e-02, 4.80681732e-02, 4.79444042e-02, 5.11135161e-02,
        4.65547107e-02, 4.69658040e-02, 4.69536595e-02, 4.85972986e-02,
        5.65587133e-02, 4.88813855e-02, 5.06288223e-02 ],
    "descriptor_time": [ 6.82803914e-02, 6.79682270e-02, 6.76946342e-02,
        6.68457299e-02, 6.83632940e-02, 6.99544027e-02, 6.77802414e-02,
        6.79798424e-02, 6.83274046e-02, 7.26346225e-02, 7.00730681e-02,
        6.90775290e-02, 6.76796660e-02, 6.78571761e-02, 6.88918978e-02,
        8.70300382e-02, 6.81685805e-02, 7.33440295e-02 ],
    "matcher_time": [ 1.43805221e-01, 1.65134400e-01, 1.41618788e-01,
        1.36933953e-01, 1.46749243e-01, 1.39181808e-01, 1.38989985e-01,
        1.33850187e-01, 1.36563227e-01, 1.40847236e-01, 1.45823568e-01,
        1.34932354e-01, 1.37645021e-01, 1.39975563e-01, 1.41843259e-01,
        1.83137864e-01, 1.51971951e-01, 1.53517544e-01 ],
    "detector_time_avg": 4.7590240836143494e-02,
    "descriptor_time_avg": 6.9886155426502228e-02,
    "matcher_time_avg": 1.4521858096122742e-01,
    "feature_count": [ 0.0, 0.0, 0.0, 0.0, 0.0, 0.0, 0.0, 0.0, 0.0, 0.0,
        0.0, 0.0, 0.0, 0.0, 0.0, 0.0, 0.0, 0.0 ],
    "match_count": [ 0.0, 0.0, 0.0, 0.0, 0.0, 0.0, 0.0, 0.0, 0.0, 0.0,
        0.0, 0.0, 0.0, 0.0, 0.0, 0.0, 0.0, 0.0 ],
    "feature_count_avg": 0.0,
    "match_count_avg": 0.0,
    "feature_size": [
    ],
    "ttc_lidar": [ 1.2972158904366587e+01, 1.2264037610454634e+01,
        1.6963042013496565e+01, 1.3833989271117169e+01,
        1.2004663308945149e+01, 7.3592115070344954e+00,
        3.7800035762820976e+01, 1.6699971389819016e+01,
        1.6979672497128117e+01, 1.3006981043684853e+01,
        1.1306143857976011e+01, 9.4441383196784763e+00,
        9.3441968045578410e+00, 1.1891678388924651e+01,
        7.8277645911923033e+00, 9.4202855872516746e+00,
        9.1946314698608269e+00, 8.3097786771803737e+00 ],
    "ttc_camera": [ 1.2984929470800777e+01, 1.9372839345238020e+01,
        1.4191460280441060e+01, 1.3686045427625171e+01,
        2.4354772743487764e+01, 1.4215865937811287e+01,
        1.2594833275424607e+01, 1.7021382403806673e+01,
        1.7682224754094054e+01, 1.2943978179599943e+01,
        1.1565623233200547e+01, 1.2240338009784500e+01,
        1.1845021761011713e+01, 1.1553518984201448e+01,
        1.1868513613740207e+01, 9.5049990867094127e+00,
        7.8713542965739087e+00, 1.0756553131072051e+01 ],
    "kp_roi_count": [ 179, 199, 217, 188, 163, 176, 199, 187, 186, 199,
        187, 229, 206, 195, 204, 237, 237, 238 ],
    "kp_roi_matches": [ 134, 153, 172, 154, 134, 146, 148, 151, 159, 157,
        150, 172, 171, 161, 171, 173, 196, 193 ]
}
