{
    "detector_type": "HARRIS",
    "descriptor_type": "ORB",
    "matcher_type": "MAT_BF",
    "selector_type": "SEL_KNN",
    "detector_time": [ 1.67345982e-02, 1.98988803e-02, 1.80903245e-02,
        1.19187273e-02, 1.94242932e-02, 1.47266490e-02, 1.67876594e-02,
        1.86220389e-02, 1.75517630e-02, 1.25035541e-02, 1.81634743e-02,
        1.16026374e-02, 1.96416304e-02, 1.55360689e-02, 1.43255824e-02,
        1.38018271e-02, 1.15992213e-02, 1.54712088e-02 ],
    "descriptor_time": [ 9.57386009e-03, 4.42932500e-03, 7.18000811e-03,
        1.10485852e-02, 1.04736341e-02, 1.14628989e-02, 1.29023585e-02,
        8.16478021e-03, 4.76332009e-03, 1.20404828e-02, 5.92991896e-03,
        7.09963404e-03, 7.69497780e-03, 5.69037488e-03, 3.86443660e-02,
        9.59130563e-03, 4.57080500e-03, 5.64868981e-03 ],
    "matcher_time": [ 1.09449094e-02, 6.55162381e-03, 4.70446702e-03,
        1.74259767e-02, 3.90327945e-02, 2.78972089e-02, 4.21881266e-02,
        2.45145001e-02, 6.24056812e-03, 1.60691347e-02, 1.84117425e-02,
        6.60024211e-03, 1.53710740e-02, 6.85972394e-03, 4.96789329e-02,
        2.69702151e-02, 6.86764484e-03, 3.59322596e-03 ],
    "detector_time_avg": 1.5911117196083069e-02,
    "descriptor_time_avg": 9.8282955586910248e-03,
    "matcher_time_avg": 1.8763363361358643e-02,
    "feature_count": [ 0.0, 0.0, 0.0, 0.0, 0.0, 0.0, 0.0, 0.0, 0.0, 0.0,
        0.0, 0.0, 0.0, 0.0, 0.0, 0.0, 0.0, 0.0 ],
    "match_count": [ 0.0, 0.0, 0.0, 0.0, 0.0, 0.0, 0.0, 0.0, 0.0, 0.0,
        0.0, 0.0, 0.0, 0.0, 0.0, 0.0, 0.0, 0.0 ],
    "feature_count_avg": 0.0,
    "match_count_avg": 0.0,
    "feature_size": [
    ],
    "ttc_lidar": [ 1.2972158904366587e+01, 1.2264037610454634e+01,
        1.6963042013496565e+01, 1.3833989271117169e+01,
        1.2004663308945149e+01, 7.3592115070344954e+00,
        3.7800035762820976e+01, 1.6699971389819016e+01,
        1.6979672497128117e+01, 1.3006981043684853e+01,
        1.1306143857976011e+01, 9.4441383196784763e+00,
        9.3441968045578410e+00, 1.1891678388924651e+01,
        7.8277645911923033e+00, 9.4202855872516746e+00,
        9.1946314698608269e+00, 8.3097786771803737e+00 ],
    "ttc_camera": [ 6.1001474202469872e+01, 0.0, 1.0856015261577518e+01,
        1.2632132189533573e+01, 1.1464417027229441e+01,
        1.9252502062058927e+01, 5.9457013340463121e+00,
        3.9151202049229198e+01, 9.6466069155263590e+00, 0.0,
        6.0890164483688398e+00, 0.0, 2.1983541959187058e+01,
        9.5304533377287619e+00, 9.5941069715225815e+00,
        7.1547931956932542e+00, 1.1849121019831776e+01,
        6.1826727246283140e+00 ],
    "kp_roi_count": [ 31, 100, 50, 74, 109, 97, 123, 152, 77, 45, 82, 51,
        74, 83, 54, 116, 84, 49 ],
    "kp_roi_matches": [ 19, 32, 24, 54, 68, 44, 53, 68, 31, 20, 44, 22,
        49, 31, 24, 52, 49, 26 ]
}
