{
    "detector_type": "BRISK",
    "descriptor_type": "FREAK",
    "matcher_type": "MAT_BF",
    "selector_type": "SEL_KNN",
    "detector_time": [ 5.46164066e-02, 4.52006049e-02, 4.51490618e-02,
        4.40314822e-02, 4.56102639e-02, 4.89988588e-02, 4.55252826e-02,
        4.72131595e-02, 4.75424714e-02, 4.73305881e-02, 4.84028049e-02,
        4.70830835e-02, 4.66220416e-02, 4.72051725e-02, 4.87025939e-02,
        4.94217910e-02, 4.95449975e-02, 5.36423102e-02 ],
    "descriptor_time": [ 3.14889215e-02, 3.09223197e-02, 3.06412224e-02,
        2.96545345e-02, 3.02895885e-02, 3.14886793e-02, 3.06251962e-02,
        3.08791213e-02, 3.07516623e-02, 3.19899917e-02, 3.22431810e-02,
        3.15047018e-02, 3.11295204e-02, 3.15108933e-02, 3.21163796e-02,
        3.33629549e-02, 3.22963595e-02, 3.44957635e-02 ],
    "matcher_time": [ 3.09432536e-01, 2.01088518e-01, 2.00915962e-01,
        1.89943045e-01, 1.89783350e-01, 1.97243184e-01, 1.90624088e-01,
        1.89609319e-01, 1.91656321e-01, 2.04259187e-01, 2.06725895e-01,
        2.04500794e-01, 2.00374499e-01, 2.04864413e-01, 2.11142376e-01,
        2.18164027e-01, 2.21328467e-01, 2.32061476e-01 ],
    "detector_time_avg": 4.7880165278911591e-02,
    "descriptor_time_avg": 3.1521722674369812e-02,
    "matcher_time_avg": 2.0319324731826782e-01,
    "feature_count": [ 0.0, 0.0, 0.0, 0.0, 0.0, 0.0, 0.0, 0.0, 0.0, 0.0,
        0.0, 0.0, 0.0, 0.0, 0.0, 0.0, 0.0, 0.0 ],
    "match_count": [ 0.0, 0.0, 0.0, 0.0, 0.0, 0.0, 0.0, 0.0, 0.0, 0.0,
        0.0, 0.0, 0.0, 0.0, 0.0, 0.0, 0.0, 0.0 ],
    "feature_count_avg": 0.0,
    "match_count_avg": 0.0,
    "feature_size": [
    ],
    "ttc_lidar": [ 1.2972158904366587e+01, 1.2264037610454634e+01,
        1.6963042013496565e+01, 1.3833989271117169e+01,
        1.2004663308945149e+01, 7.3592115070344954e+00,
        3.7800035762820976e+01, 1.6699971389819016e+01,
        1.6979672497128117e+01, 1.3006981043684853e+01,
        1.1306143857976011e+01, 9.4441383196784763e+00,
        9.3441968045578410e+00, 1.1891678388924651e+01,
        7.8277645911923033e+00, 9.4202855872516746e+00,
        9.1946314698608269e+00, 8.3097786771803737e+00 ],
    "ttc_camera": [ 1.3192090967155849e+01, 1.3122206865382974e+01,
        1.1273425843611122e+01, 1.4497206461072935e+01,
        2.3665429202990055e+01, 1.3387530364209486e+01,
        1.7672692882960728e+01, 1.5363681355438136e+01,
        1.4827386301481670e+01, 1.2913491240929021e+01,
        1.1598929709258908e+01, 1.1384392130850701e+01,
        1.2559209169173618e+01, 1.0838815526169777e+01,
        1.2150024398974033e+01, 1.0464752180685188e+01,
        8.7721377053877454e+00, 1.0060411319339513e+01 ],
    "kp_roi_count": [ 161, 204, 238, 208, 170, 189, 197, 189, 205, 215,
        205, 233, 215, 223, 220, 227, 242, 262 ],
    "kp_roi_matches": [ 129, 152, 177, 171, 133, 145, 143, 154, 157, 156,
        149, 164, 179, 171, 177, 169, 197, 209 ]
}
