{
    "detector_type": "SHITOMASI",
    "descriptor_type": "BRIEF",
    "matcher_type": "MAT_BF",
    "selector_type": "SEL_KNN",
    "detector_time": [ 1.61445681e-02, 1.87665485e-02, 1.22724660e-02,
        1.85292605e-02, 2.00610254e-02, 2.09492780e-02, 1.78969707e-02,
        2.03255359e-02, 1.79575887e-02, 1.45517187e-02, 1.80943757e-02,
        1.63395088e-02, 1.83505267e-02, 1.88839659e-02, 2.00106967e-02,
        2.13438198e-02, 1.49267158e-02, 1.99240241e-02 ],
    "descriptor_time": [ 2.24214084e-02, 1.84455868e-02, 1.83102600e-02,
        1.85710099e-02, 1.76058430e-02, 1.83046926e-02, 1.87175218e-02,
        1.85259562e-02, 1.86166968e-02, 1.83184464e-02, 1.84823889e-02,
        1.86984148e-02, 1.84588656e-02, 1.84967350e-02, 1.96644291e-02,
        1.85675621e-02, 1.91638544e-02, 2.06475276e-02 ],
    "matcher_time": [ 9.53636691e-02, 7.28843510e-02, 7.59701207e-02,
        7.67642707e-02, 7.35900253e-02, 7.43910968e-02, 7.66102672e-02,
        7.72664398e-02, 7.90732801e-02, 7.69702420e-02, 7.75998086e-02,
        7.96141699e-02, 7.93612525e-02, 7.86082000e-02, 8.27006549e-02,
        8.20639506e-02, 8.06031302e-02, 8.68136212e-02 ],
    "detector_time_avg": 1.8073810264468193e-02,
    "descriptor_time_avg": 1.8889842554926872e-02,
    "matcher_time_avg": 7.8287340700626373e-02,
    "feature_count": [ 0.0, 0.0, 0.0, 0.0, 0.0, 0.0, 0.0, 0.0, 0.0, 0.0,
        0.0, 0.0, 0.0, 0.0, 0.0, 0.0, 0.0, 0.0 ],
    "match_count": [ 0.0, 0.0, 0.0, 0.0, 0.0, 0.0, 0.0, 0.0, 0.0, 0.0,
        0.0, 0.0, 0.0, 0.0, 0.0, 0.0, 0.0, 0.0 ],
    "feature_count_avg": 0.0,
    "match_count_avg": 0.0,
    "feature_size": [
    ],
    "ttc_lidar": [ 1.2972158904366587e+01, 1.2264037610454634e+01,
        1.6963042013496565e+01, 1.3833989271117169e+01,
        1.2004663308945149e+01, 7.3592115070344954e+00,
        3.7800035762820976e+01, 1.6699971389819016e+01,
        1.6979672497128117e+01, 1.3006981043684853e+01,
        1.1306143857976011e+01, 9.4441383196784763e+00,
        9.3441968045578410e+00, 1.1891678388924651e+01,
        7.8277645911923033e+00, 9.4202855872516746e+00,
        9.1946314698608269e+00, 8.3097786771803737e+00 ],
    "ttc_camera": [ 1.2946200130060427e+01, 1.3369448406418700e+01,
        1.1555412288894832e+01, 1.1535637874129513e+01,
        1.1917876213847862e+01, 1.1606516039188998e+01,
        9.4774944319672727e+00, 1.1662620779628273e+01,
        8.0426653171668150e+00, 9.5726985015985058e+00,
        1.0091549385782436e+01, 9.4302461733147069e+00,
        9.0563370361527102e+00, 8.7463824589242272e+00,
        7.6318423894065006e+00, 6.9436700989806228e+00,
        9.5202701753212793e+00, 7.5141735352602952e+00 ],
    "kp_roi_count": [ 111, 105, 110, 114, 124, 126, 122, 119, 107, 114,
        109, 115, 127, 110, 110, 129, 114, 113 ],
    "kp_roi_matches": [ 56, 50, 56, 61, 69, 48, 56, 53, 52, 39, 59, 53,
        64, 55, 56, 56, 72, 73 ]
}
