{
    "detector_type": "ORB",
    "descriptor_type": "ORB",
    "matcher_type": "MAT_BF",
    "selector_type": "SEL_KNN",
    "detector_time": [ 1.85327549e-02, 2.68244334e-02, 1.77631266e-02,
        1.64307170e-02, 1.58280395e-02, 1.85274538e-02, 1.80054270e-02,
        1.82147566e-02, 1.83769874e-02, 1.90607198e-02, 3.68099697e-02,
        3.54863405e-02, 2.00870130e-02, 2.11503785e-02, 1.78283174e-02,
        1.86137874e-02, 1.55170104e-02, 2.58099381e-02 ],
    "descriptor_time": [ 7.84694925e-02, 2.79035922e-02, 2.80797351e-02,
        2.73738466e-02, 2.76389718e-02, 2.75171362e-02, 2.74418555e-02,
        2.95370016e-02, 2.73976587e-02, 3.24448235e-02, 2.79027633e-02,
        8.71369168e-02, 4.35811169e-02, 2.86160372e-02, 2.84007546e-02,
        2.77416836e-02, 2.86775026e-02, 2.81026885e-02 ],
    "matcher_time": [ 1.56141773e-01, 1.30126581e-01, 1.35789752e-01,
        1.29210308e-01, 1.30222186e-01, 1.30268335e-01, 1.31130651e-01,
        1.32767215e-01, 1.32401973e-01, 1.49493918e-01, 1.33002251e-01,
        4.15612161e-01, 2.08589584e-01, 1.33864805e-01, 1.38860032e-01,
        1.37104869e-01, 1.40171662e-01, 1.40913799e-01 ],
    "detector_time_avg": 2.1048177033662796e-02,
    "descriptor_time_avg": 3.5220202058553696e-02,
    "matcher_time_avg": 1.5585470199584961e-01,
    "feature_count": [ 0.0, 0.0, 0.0, 0.0, 0.0, 0.0, 0.0, 0.0, 0.0, 0.0,
        0.0, 0.0, 0.0, 0.0, 0.0, 0.0, 0.0, 0.0 ],
    "match_count": [ 0.0, 0.0, 0.0, 0.0, 0.0, 0.0, 0.0, 0.0, 0.0, 0.0,
        0.0, 0.0, 0.0, 0.0, 0.0, 0.0, 0.0, 0.0 ],
    "feature_count_avg": 0.0,
    "match_count_avg": 0.0,
    "feature_size": [
    ],
    "ttc_lidar": [ 1.2972158904366587e+01, 1.2264037610454634e+01,
        1.6963042013496565e+01, 1.3833989271117169e+01,
        1.2004663308945149e+01, 7.3592115070344954e+00,
        3.7800035762820976e+01, 1.6699971389819016e+01,
        1.6979672497128117e+01, 1.3006981043684853e+01,
        1.1306143857976011e+01, 9.4441383196784763e+00,
        9.3441968045578410e+00, 1.1891678388924651e+01,
        7.8277645911923033e+00, 9.4202855872516746e+00,
        9.1946314698608269e+00, 8.3097786771803737e+00 ],
    "ttc_camera": [ 1.2533685028916826e+01, 1.4037060554826089e+01,
        3.6479612697913240e+01, 1.4969741458426086e+01,
        4.8994612519662688e+01, 9.5162280256778242e+00,
        1.1690598639463783e+01, 1.3816476823494410e+01,
        2.5249543542231883e+01, 8.0600427094062184e+00,
        8.1288464464494066e+00, 1.0227299849570443e+01,
        8.1274908119614206e+00, 8.2348156346164920e+00,
        7.0481426481482545e+00, 7.9245722790399311e+00,
        9.7957907127931065e+00, 7.9813458091401230e+00 ],
    "kp_roi_count": [ 214, 214, 244, 242, 265, 247, 278, 283, 245, 272,
        251, 258, 257, 250, 244, 283, 272, 276 ],
    "kp_roi_matches": [ 143, 112, 148, 169, 152, 137, 138, 146, 128, 130,
        146, 124, 161, 145, 150, 158, 183, 184 ]
}
