{
    "detector_type": "AKAZE",
    "descriptor_type": "AKAZE",
    "matcher_type": "MAT_BF",
    "selector_type": "SEL_KNN",
    "detector_time": [ 9.86633077e-02, 9.24465209e-02, 8.86766165e-02,
        8.98253992e-02, 9.25791785e-02, 8.91822577e-02, 9.77817774e-02,
        8.91983062e-02, 8.97482485e-02, 8.79269540e-02, 8.91549811e-02,
        9.24514905e-02, 8.92137364e-02, 8.99325460e-02, 8.84234905e-02,
        9.06072930e-02, 9.53442380e-02, 9.06325653e-02 ],
    "descriptor_time": [ 1.82109065e-02, 1.56677179e-02, 1.61643513e-02,
        1.56211369e-02, 1.56661943e-02, 1.60282142e-02, 1.56200714e-02,
        1.58813931e-02, 1.58497207e-02, 1.59522891e-02, 1.56723857e-02,
        1.55565590e-02, 1.55836679e-02, 1.58052463e-02, 1.56738069e-02,
        1.61181223e-02, 1.60025842e-02, 1.58925522e-02 ],
    "matcher_time": [ 6.33197129e-02, 6.11756966e-02, 6.25187978e-02,
        6.28925860e-02, 6.18742108e-02, 6.13456815e-02, 6.27874061e-02,
        6.19107857e-02, 6.34058192e-02, 6.41922951e-02, 6.30016401e-02,
        6.06687553e-02, 6.03607185e-02, 6.25253022e-02, 6.25026897e-02,
        6.30123168e-02, 6.32592067e-02, 6.36053905e-02 ],
    "detector_time_avg": 9.1210491955280304e-02,
    "descriptor_time_avg": 1.5942607074975967e-02,
    "matcher_time_avg": 6.2414072453975677e-02,
    "feature_count": [ 0.0, 0.0, 0.0, 0.0, 0.0, 0.0, 0.0, 0.0, 0.0, 0.0,
        0.0, 0.0, 0.0, 0.0, 0.0, 0.0, 0.0, 0.0 ],
    "match_count": [ 0.0, 0.0, 0.0, 0.0, 0.0, 0.0, 0.0, 0.0, 0.0, 0.0,
        0.0, 0.0, 0.0, 0.0, 0.0, 0.0, 0.0, 0.0 ],
    "feature_count_avg": 0.0,
    "match_count_avg": 0.0,
    "feature_size": [
    ],
    "ttc_lidar": [ 1.2972158904366587e+01, 1.2264037610454634e+01,
        1.6963042013496565e+01, 1.3833989271117169e+01,
        1.2004663308945149e+01, 7.3592115070344954e+00,
        3.7800035762820976e+01, 1.6699971389819016e+01,
        1.6979672497128117e+01, 1.3006981043684853e+01,
        1.1306143857976011e+01, 9.4441383196784763e+00,
        9.3441968045578410e+00, 1.1891678388924651e+01,
        7.8277645911923033e+00, 9.4202855872516746e+00,
        9.1946314698608269e+00, 8.3097786771803737e+00 ],
    "ttc_camera": [ 1.2101015843073197e+01, 1.4229864815782822e+01,
        1.3258922046769536e+01, 1.4252704554522458e+01,
        1.3916292553813452e+01, 1.5088811669154493e+01,
        1.5766636758019930e+01, 1.4362529775663994e+01,
        1.3854585980879376e+01, 1.1331379077891402e+01,
        1.2174882284946813e+01, 1.0820176373479814e+01,
        1.0287055469429113e+01, 1.0104082803403953e+01,
        9.5055418515661465e+00, 9.8565436761986494e+00,
        9.4002303727764112e+00, 8.8872760222457980e+00 ],
    "kp_roi_count": [ 113, 121, 145, 125, 125, 114, 152, 144, 146, 163,
        143, 161, 146, 135, 145, 136, 139, 136 ],
    "kp_roi_matches": [ 100, 104, 116, 113, 104, 105, 112, 123, 121, 125,
        115, 124, 123, 118, 114, 110, 120, 117 ]
}
