{
    "detector_type": "BRISK",
    "descriptor_type": "BRIEF",
    "matcher_type": "MAT_BF",
    "selector_type": "SEL_KNN",
    "detector_time": [ 4.77435738e-02, 4.58503664e-02, 4.68415841e-02,
        4.45749126e-02, 4.50883172e-02, 4.48339507e-02, 4.86819521e-02,
        4.60344106e-02, 4.77042347e-02, 4.72782291e-02, 4.70227785e-02,
        4.74586375e-02, 4.74157147e-02, 4.78929095e-02, 4.84430157e-02,
        4.87281978e-02, 4.99243401e-02, 5.00492938e-02 ],
    "descriptor_time": [ 3.17972451e-02, 3.22817825e-02, 3.07331141e-02,
        3.05676367e-02, 3.14821042e-02, 2.97709350e-02, 3.10085546e-02,
        3.02268881e-02, 3.02395429e-02, 3.11550219e-02, 3.10176387e-02,
        3.05896029e-02, 3.13163102e-02, 3.16910855e-02, 3.22971754e-02,
        3.30425911e-02, 3.30354758e-02, 3.32167484e-02 ],
    "matcher_time": [ 1.97718680e-01, 2.01969221e-01, 1.98458180e-01,
        1.96739912e-01, 1.89104468e-01, 1.91481575e-01, 1.98505551e-01,
        1.91911280e-01, 1.92614734e-01, 2.01541409e-01, 2.05471158e-01,
        2.00555444e-01, 2.01932520e-01, 2.05423787e-01, 2.10901543e-01,
        2.16910392e-01, 2.21853673e-01, 2.22254500e-01 ],
    "detector_time_avg": 4.7309242188930511e-02,
    "descriptor_time_avg": 3.1414970755577087e-02,
    "matcher_time_avg": 2.0280173420906067e-01,
    "feature_count": [ 0.0, 0.0, 0.0, 0.0, 0.0, 0.0, 0.0, 0.0, 0.0, 0.0,
        0.0, 0.0, 0.0, 0.0, 0.0, 0.0, 0.0, 0.0 ],
    "match_count": [ 0.0, 0.0, 0.0, 0.0, 0.0, 0.0, 0.0, 0.0, 0.0, 0.0,
        0.0, 0.0, 0.0, 0.0, 0.0, 0.0, 0.0, 0.0 ],
    "feature_count_avg": 0.0,
    "match_count_avg": 0.0,
    "feature_size": [
    ],
    "ttc_lidar": [ 1.2972158904366587e+01, 1.2264037610454634e+01,
        1.6963042013496565e+01, 1.3833989271117169e+01,
        1.2004663308945149e+01, 7.3592115070344954e+00,
        3.7800035762820976e+01, 1.6699971389819016e+01,
        1.6979672497128117e+01, 1.3006981043684853e+01,
        1.1306143857976011e+01, 9.4441383196784763e+00,
        9.3441968045578410e+00, 1.1891678388924651e+01,
        7.8277645911923033e+00, 9.4202855872516746e+00,
        9.1946314698608269e+00, 8.3097786771803737e+00 ],
    "ttc_camera": [ 1.3192090967155849e+01, 1.3122206865382974e+01,
        1.1273425843611122e+01, 1.4497206461072935e+01,
        2.3665429202990055e+01, 1.3387530364209486e+01,
        1.7672692882960728e+01, 1.5363681355438136e+01,
        1.4827386301481670e+01, 1.2913491240929021e+01,
        1.1598929709258908e+01, 1.1384392130850701e+01,
        1.2559209169173618e+01, 1.0838815526169777e+01,
        1.2150024398974033e+01, 1.0464752180685188e+01,
        8.7721377053877454e+00, 1.0060411319339513e+01 ],
    "kp_roi_count": [ 161, 204, 238, 208, 170, 189, 197, 189, 205, 215,
        205, 233, 215, 223, 220, 227, 242, 262 ],
    "kp_roi_matches": [ 129, 152, 177, 171, 133, 145, 143, 154, 157, 156,
        149, 164, 179, 171, 177, 169, 197, 209 ]
}
