{
    "detector_type": "ORB",
    "descriptor_type": "BRIEF",
    "matcher_type": "MAT_BF",
    "selector_type": "SEL_KNN",
    "detector_time": [ 1.79774612e-02, 1.61212515e-02, 1.82558335e-02,
        1.68657042e-02, 1.81565676e-02, 1.89879518e-02, 1.86587572e-02,
        1.82754919e-02, 1.81001946e-02, 1.77135002e-02, 1.81459617e-02,
        1.86178554e-02, 1.81120653e-02, 1.83004700e-02, 1.78858768e-02,
        1.87288839e-02, 1.89468134e-02, 1.79579034e-02 ],
    "descriptor_time": [ 2.32761800e-02, 2.14621462e-02, 2.14275140e-02,
        2.21048277e-02, 1.92679446e-02, 2.29053609e-02, 1.72061473e-02,
        1.87720563e-02, 2.17706971e-02, 2.26847809e-02, 1.87171213e-02,
        2.34241504e-02, 1.97419822e-02, 1.99510269e-02, 2.07345244e-02,
        2.34168451e-02, 2.34181974e-02, 2.26250160e-02 ],
    "matcher_time": [ 1.95845455e-01, 1.91390544e-01, 2.00757444e-01,
        1.90705165e-01, 2.00909406e-01, 1.92879558e-01, 1.96896270e-01,
        2.00962365e-01, 2.10467070e-01, 1.95315346e-01, 1.98586136e-01,
        1.93025067e-01, 1.98096633e-01, 2.00574592e-01, 1.89926222e-01,
        1.93245515e-01, 1.94902450e-01, 1.94836885e-01 ],
    "detector_time_avg": 1.8100474029779434e-02,
    "descriptor_time_avg": 2.1272584795951843e-02,
    "matcher_time_avg": 1.9667507708072662e-01,
    "feature_count": [ 0.0, 0.0, 0.0, 0.0, 0.0, 0.0, 0.0, 0.0, 0.0, 0.0,
        0.0, 0.0, 0.0, 0.0, 0.0, 0.0, 0.0, 0.0 ],
    "match_count": [ 0.0, 0.0, 0.0, 0.0, 0.0, 0.0, 0.0, 0.0, 0.0, 0.0,
        0.0, 0.0, 0.0, 0.0, 0.0, 0.0, 0.0, 0.0 ],
    "feature_count_avg": 0.0,
    "match_count_avg": 0.0,
    "feature_size": [
    ],
    "ttc_lidar": [ 1.2972158904366587e+01, 1.2264037610454634e+01,
        1.6963042013496565e+01, 1.3833989271117169e+01,
        1.2004663308945149e+01, 7.3592115070344954e+00,
        3.7800035762820976e+01, 1.6699971389819016e+01,
        1.6979672497128117e+01, 1.3006981043684853e+01,
        1.1306143857976011e+01, 9.4441383196784763e+00,
        9.3441968045578410e+00, 1.1891678388924651e+01,
        7.8277645911923033e+00, 9.4202855872516746e+00,
        9.1946314698608269e+00, 8.3097786771803737e+00 ],
    "ttc_camera": [ 1.6756034484518953e+01, 1.7804024453446253e+01,
        1.4619039948411698e+01, 1.9705737253041786e+01,
        1.3153274473387764e+01, 1.5204022658240868e+01,
        1.4618427696433974e+01, 1.3953472748247279e+01,
        1.1487310136012342e+01, 1.0634391460916030e+01,
        9.8131734522650298e+00, 8.6953409474739747e+00,
        9.1675245184955081e+00, 1.0241091148503067e+01,
        8.0950677772205299e+00, 9.7969101042024747e+00,
        1.0285440065481259e+01, 8.9342421326824191e+00 ],
    "kp_roi_count": [ 234, 236, 270, 264, 279, 273, 303, 304, 266, 294,
        264, 295, 266, 274, 283, 311, 300, 303 ],
    "kp_roi_matches": [ 183, 162, 195, 224, 198, 173, 169, 204, 167, 185,
        184, 179, 184, 188, 198, 204, 243, 242 ]
}
