{
    "detector_type": "SURF",
    "descriptor_type": "ORB",
    "matcher_type": "MAT_BF",
    "selector_type": "SEL_KNN",
    "detector_time": [ 1.47116497e-01, 1.43964544e-01, 1.43670723e-01,
        1.55368984e-01, 1.40404448e-01, 1.45766944e-01, 1.50861681e-01,
        1.61409348e-01, 4.69796509e-01, 1.55162960e-01, 1.55125737e-01,
        1.52824342e-01, 1.50486305e-01, 1.52690679e-01, 1.53711319e-01,
        1.53762937e-01, 1.47902086e-01, 1.48703754e-01 ],
    "descriptor_time": [ 4.40196954e-02, 2.81859338e-02, 3.03867832e-02,
        3.05564906e-02, 3.15694846e-02, 3.01033016e-02, 4.21821848e-02,
        3.11893988e-02, 4.95640747e-02, 3.17257568e-02, 3.18863690e-02,
        3.67204621e-02, 3.25885080e-02, 3.30478884e-02, 3.26379463e-02,
        3.27628814e-02, 4.71536778e-02, 3.39502394e-02 ],
    "matcher_time": [ 1.65885299e-01, 1.39901906e-01, 1.61422372e-01,
        1.57321230e-01, 1.58958778e-01, 1.96997613e-01, 1.97874993e-01,
        3.47621113e-01, 2.47388333e-01, 1.67934671e-01, 1.66854799e-01,
        1.72242045e-01, 1.72612786e-01, 1.84895843e-01, 1.76573381e-01,
        1.77184343e-01, 1.78482383e-01, 1.79263040e-01 ],
    "detector_time_avg": 1.6826276481151581e-01,
    "descriptor_time_avg": 3.5012833774089813e-02,
    "matcher_time_avg": 1.8726642429828644e-01,
    "feature_count": [ 0.0, 0.0, 0.0, 0.0, 0.0, 0.0, 0.0, 0.0, 0.0, 0.0,
        0.0, 0.0, 0.0, 0.0, 0.0, 0.0, 0.0, 0.0 ],
    "match_count": [ 0.0, 0.0, 0.0, 0.0, 0.0, 0.0, 0.0, 0.0, 0.0, 0.0,
        0.0, 0.0, 0.0, 0.0, 0.0, 0.0, 0.0, 0.0 ],
    "feature_count_avg": 0.0,
    "match_count_avg": 0.0,
    "feature_size": [
    ],
    "ttc_lidar": [ 1.2972158904366587e+01, 1.2264037610454634e+01,
        1.6963042013496565e+01, 1.3833989271117169e+01,
        1.2004663308945149e+01, 7.3592115070344954e+00,
        3.7800035762820976e+01, 1.6699971389819016e+01,
        1.6979672497128117e+01, 1.3006981043684853e+01,
        1.1306143857976011e+01, 9.4441383196784763e+00,
        9.3441968045578410e+00, 1.1891678388924651e+01,
        7.8277645911923033e+00, 9.4202855872516746e+00,
        9.1946314698608269e+00, 8.3097786771803737e+00 ],
    "ttc_camera": [ 1.3570371821485280e+01, 1.4032658475204254e+01,
        1.3371036477942207e+01, 1.4020655314096325e+01,
        1.7924106751011983e+01, 1.3197054682137958e+01,
        1.4120435854621345e+01, 1.1901341785720570e+01,
        1.2875505159054914e+01, 1.0962348281675236e+01,
        9.6525559498950173e+00, 1.0735328845338174e+01,
        1.0169473243690692e+01, 9.9093492499375131e+00,
        9.7157873124283398e+00, 9.5316676446290565e+00,
        9.0845074590489698e+00, 9.2952757617920465e+00 ],
    "kp_roi_count": [ 146, 156, 178, 170, 182, 170, 184, 189, 167, 173,
        156, 161, 178, 166, 161, 181, 162, 154 ],
    "kp_roi_matches": [ 114, 122, 133, 147, 147, 143, 141, 153, 138, 137,
        135, 130, 130, 138, 136, 138, 133, 127 ]
}
