{
    "detector_type": "SHITOMASI",
    "descriptor_type": "SIFT",
    "matcher_type": "MAT_BF",
    "selector_type": "SEL_KNN",
    "detector_time": [ 2.01229993e-02, 2.05856226e-02, 1.99801363e-02,
        2.54052188e-02, 2.62075886e-02, 1.79358907e-02, 2.62443293e-02,
        1.68615077e-02, 1.76294558e-02, 1.73283871e-02, 1.57849509e-02,
        2.50248387e-02, 3.41301784e-02, 2.23431736e-02, 5.15314452e-02,
        3.35969962e-02, 1.76876597e-02, 1.72762852e-02 ],
    "descriptor_time": [ 1.37421280e-01, 7.40651935e-02, 7.69037828e-02,
        7.34069124e-02, 7.20371753e-02, 8.03487971e-02, 7.84825534e-02,
        7.97743127e-02, 8.01807791e-02, 9.27858874e-02, 1.00053951e-01,
        7.40292370e-02, 9.22166705e-02, 8.07790309e-02, 1.96918830e-01,
        1.14711709e-01, 8.77228379e-02, 8.91196951e-02 ],
    "matcher_time": [ 1.71316803e-01, 1.38601452e-01, 1.44289091e-01,
        1.44066170e-01, 1.42346382e-01, 1.45051003e-01, 1.51571736e-01,
        1.51994675e-01, 1.54135197e-01, 1.68503612e-01, 1.82000607e-01,
        1.58541232e-01, 1.69616595e-01, 1.52904615e-01, 3.37178230e-01,
        2.05071941e-01, 1.55213013e-01, 1.67485982e-01 ],
    "detector_time_avg": 2.3648703470826149e-02,
    "descriptor_time_avg": 9.3386597931385040e-02,
    "matcher_time_avg": 1.6873949766159058e-01,
    "feature_count": [ 0.0, 0.0, 0.0, 0.0, 0.0, 0.0, 0.0, 0.0, 0.0, 0.0,
        0.0, 0.0, 0.0, 0.0, 0.0, 0.0, 0.0, 0.0 ],
    "match_count": [ 0.0, 0.0, 0.0, 0.0, 0.0, 0.0, 0.0, 0.0, 0.0, 0.0,
        0.0, 0.0, 0.0, 0.0, 0.0, 0.0, 0.0, 0.0 ],
    "feature_count_avg": 0.0,
    "match_count_avg": 0.0,
    "feature_size": [
    ],
    "ttc_lidar": [ 1.2972158904366587e+01, 1.2264037610454634e+01,
        1.6963042013496565e+01, 1.3833989271117169e+01,
        1.2004663308945149e+01, 7.3592115070344954e+00,
        3.7800035762820976e+01, 1.6699971389819016e+01,
        1.6979672497128117e+01, 1.3006981043684853e+01,
        1.1306143857976011e+01, 9.4441383196784763e+00,
        9.3441968045578410e+00, 1.1891678388924651e+01,
        7.8277645911923033e+00, 9.4202855872516746e+00,
        9.1946314698608269e+00, 8.3097786771803737e+00 ],
    "ttc_camera": [ 1.3761609385866961e+01, 1.0763947921562774e+01,
        1.0442431890093692e+01, 1.2338545733173161e+01,
        1.1410919308169349e+01, 1.3650756495459930e+01,
        1.1595841570558891e+01, 1.0908153916218028e+01,
        1.0818242878419889e+01, 8.3354893179217253e+00,
        1.1186675909995726e+01, 8.8417378431091382e+00,
        9.9905960812211632e+00, 9.4055767105575754e+00,
        9.3422412991911337e+00, 6.7370390582675377e+00,
        9.5137734518895503e+00, 8.0487418309990080e+00 ],
    "kp_roi_count": [ 88, 104, 114, 103, 111, 103, 113, 115, 108, 115,
        98, 114, 109, 101, 103, 108, 105, 107 ],
    "kp_roi_matches": [ 69, 75, 85, 85, 92, 68, 69, 69, 72, 59, 75, 69,
        80, 72, 72, 73, 87, 92 ]
}
