{
    "detector_type": "SHITOMASI",
    "descriptor_type": "ORB",
    "matcher_type": "MAT_BF",
    "selector_type": "SEL_KNN",
    "detector_time": [ 1.82626434e-02, 1.82344336e-02, 1.80822406e-02,
        1.77812520e-02, 1.74324699e-02, 1.78664569e-02, 2.80208513e-02,
        2.06087753e-02, 1.87041964e-02, 1.95043571e-02, 1.84644014e-02,
        1.76588222e-02, 1.83967799e-02, 2.00915579e-02, 1.79728176e-02,
        1.85037889e-02, 2.29549333e-02, 1.89844705e-02 ],
    "descriptor_time": [ 6.27574092e-03, 6.48953905e-03, 6.33272389e-03,
        4.25382704e-03, 6.21515419e-03, 6.41414011e-03, 6.33698609e-03,
        6.62099710e-03, 6.33737398e-03, 6.50982605e-03, 6.74786186e-03,
        5.07354178e-03, 6.61616307e-03, 6.50994293e-03, 6.53636223e-03,
        6.59913011e-03, 7.39971315e-03, 6.80066785e-03 ],
    "matcher_time": [ 5.76620698e-02, 5.98918907e-02, 6.22554421e-02,
        5.75512461e-02, 5.89141473e-02, 5.85185550e-02, 5.86994775e-02,
        6.21701628e-02, 6.34197146e-02, 6.13613166e-02, 6.16493896e-02,
        6.29444346e-02, 7.31746480e-02, 6.44632801e-02, 6.43846989e-02,
        6.30990863e-02, 7.18940869e-02, 6.87038675e-02 ],
    "detector_time_avg": 1.9306957721710205e-02,
    "descriptor_time_avg": 6.3372049480676651e-03,
    "matcher_time_avg": 6.3123263418674469e-02,
    "feature_count": [ 0.0, 0.0, 0.0, 0.0, 0.0, 0.0, 0.0, 0.0, 0.0, 0.0,
        0.0, 0.0, 0.0, 0.0, 0.0, 0.0, 0.0, 0.0 ],
    "match_count": [ 0.0, 0.0, 0.0, 0.0, 0.0, 0.0, 0.0, 0.0, 0.0, 0.0,
        0.0, 0.0, 0.0, 0.0, 0.0, 0.0, 0.0, 0.0 ],
    "feature_count_avg": 0.0,
    "match_count_avg": 0.0,
    "feature_size": [
    ],
    "ttc_lidar": [ 1.2972158904366587e+01, 1.2264037610454634e+01,
        1.6963042013496565e+01, 1.3125420263149387e+01,
        1.2595108891077656e+01, 7.3592115070344954e+00,
        3.4354802002730999e+01, 1.7476653951074542e+01,
        1.5889384777712397e+01, 1.3729654910548717e+01,
        1.1306143857976011e+01, 9.4441383196784763e+00,
        9.2230685055447559e+00, 1.0967763399210648e+01,
        8.0942182370254265e+00, 9.1658213234786654e+00,
        9.8514042819871808e+00, 8.3097786771803737e+00 ],
    "ttc_camera": [ 1.3813048364034316e+01, 9.7081129016356016e+00,
        1.1888078874359559e+01, 1.2533437689787339e+01,
        1.1622732685547842e+01, 1.2733598903321145e+01,
        9.8386816119415350e+00, 9.9360591748022138e+00,
        9.3457712188901656e+00, 9.0408056143654889e+00,
        1.0683655976635793e+01, 9.5444453149184305e+00,
        1.0511809502756298e+01, 8.5633788186030184e+00,
        8.9945088652659262e+00, 7.4748502492266491e+00,
        9.2933038572670181e+00, 7.8686236825101545e+00 ],
    "kp_roi_count": [ 91, 99, 105, 107, 108, 102, 108, 112, 113, 114, 98,
        104, 111, 108, 102, 112, 99, 109 ],
    "kp_roi_matches": [ 69, 70, 77, 83, 81, 62, 65, 68, 67, 55, 72, 65,
        77, 63, 65, 69, 82, 88 ]
}
