{
    "detector_type": "SHITOMASI",
    "descriptor_type": "FREAK",
    "matcher_type": "MAT_BF",
    "selector_type": "SEL_KNN",
    "detector_time": [ 2.06305422e-02, 2.09248792e-02, 1.73147544e-02,
        1.97788589e-02, 1.21351248e-02, 1.25531126e-02, 1.99498367e-02,
        1.77647900e-02, 1.91805381e-02, 1.74189098e-02, 1.51611036e-02,
        1.81383323e-02, 1.95847098e-02, 2.10899636e-02, 1.84960831e-02,
        2.12872643e-02, 2.27278285e-02, 1.28714666e-02 ],
    "descriptor_time": [ 1.80446617e-02, 1.78723317e-02, 1.81636587e-02,
        1.80943981e-02, 1.75541714e-02, 1.82701778e-02, 1.84059218e-02,
        2.36555934e-02, 1.88310612e-02, 1.81962084e-02, 1.88438296e-02,
        1.85816083e-02, 1.83918849e-02, 1.85627919e-02, 1.91102363e-02,
        1.84807852e-02, 1.96651891e-02, 2.03543939e-02 ],
    "matcher_time": [ 7.01500699e-02, 7.25009143e-02, 7.50525147e-02,
        7.58037120e-02, 7.32100680e-02, 7.37035722e-02, 7.65183121e-02,
        8.30535963e-02, 7.74859488e-02, 7.77001530e-02, 7.78537691e-02,
        7.98637494e-02, 7.85951465e-02, 7.81059861e-02, 8.03343207e-02,
        8.13644230e-02, 8.04212242e-02, 8.59654993e-02 ],
    "detector_time_avg": 1.8167115747928619e-02,
    "descriptor_time_avg": 1.8837716430425644e-02,
    "matcher_time_avg": 7.8090168535709381e-02,
    "feature_count": [ 0.0, 0.0, 0.0, 0.0, 0.0, 0.0, 0.0, 0.0, 0.0, 0.0,
        0.0, 0.0, 0.0, 0.0, 0.0, 0.0, 0.0, 0.0 ],
    "match_count": [ 0.0, 0.0, 0.0, 0.0, 0.0, 0.0, 0.0, 0.0, 0.0, 0.0,
        0.0, 0.0, 0.0, 0.0, 0.0, 0.0, 0.0, 0.0 ],
    "feature_count_avg": 0.0,
    "match_count_avg": 0.0,
    "feature_size": [
    ],
    "ttc_lidar": [ 1.2972158904366587e+01, 1.2264037610454634e+01,
        1.6963042013496565e+01, 1.3833989271117169e+01,
        1.2004663308945149e+01, 7.3592115070344954e+00,
        3.7800035762820976e+01, 1.6699971389819016e+01,
        1.6979672497128117e+01, 1.3006981043684853e+01,
        1.1306143857976011e+01, 9.4441383196784763e+00,
        9.3441968045578410e+00, 1.1891678388924651e+01,
        7.8277645911923033e+00, 9.4202855872516746e+00,
        9.1946314698608269e+00, 8.3097786771803737e+00 ],
    "ttc_camera": [ 1.2946200130060427e+01, 1.3369448406418700e+01,
        1.1555412288894832e+01, 1.1535637874129513e+01,
        1.1917876213847862e+01, 1.1606516039188998e+01,
        9.4774944319672727e+00, 1.1662620779628273e+01,
        8.0426653171668150e+00, 9.5726985015985058e+00,
        1.0091549385782436e+01, 9.4302461733147069e+00,
        9.0563370361527102e+00, 8.7463824589242272e+00,
        7.6318423894065006e+00, 6.9436700989806228e+00,
        9.5202701753212793e+00, 7.5141735352602952e+00 ],
    "kp_roi_count": [ 111, 105, 110, 114, 124, 126, 122, 119, 107, 114,
        109, 115, 127, 110, 110, 129, 114, 113 ],
    "kp_roi_matches": [ 56, 50, 56, 61, 69, 48, 56, 53, 52, 39, 59, 53,
        64, 55, 56, 56, 72, 73 ]
}
