{
    "detector_type": "HARRIS",
    "descriptor_type": "FREAK",
    "matcher_type": "MAT_BF",
    "selector_type": "SEL_KNN",
    "detector_time": [ 1.80391073e-02, 2.47731302e-02, 1.82775669e-02,
        1.90013051e-02, 1.92232821e-02, 1.93506740e-02, 1.71639752e-02,
        1.80664025e-02, 1.80771835e-02, 1.64757632e-02, 1.62625555e-02,
        1.73259731e-02, 1.90713946e-02, 1.68340858e-02, 1.78955011e-02,
        1.75996982e-02, 1.75590515e-02, 1.80498008e-02 ],
    "descriptor_time": [ 5.79512082e-02, 4.77703810e-02, 5.26591279e-02,
        5.80551997e-02, 5.44494502e-02, 5.62389903e-02, 5.33382744e-02,
        5.59338853e-02, 5.22873253e-02, 5.82447797e-02, 4.86854389e-02,
        5.43839633e-02, 5.44615164e-02, 5.25332466e-02, 5.73185980e-02,
        5.45065254e-02, 5.20735383e-02, 5.20616733e-02 ],
    "matcher_time": [ 5.95917180e-03, 6.59921905e-03, 4.57253912e-03,
        1.39467884e-02, 2.58353464e-02, 2.67541707e-02, 3.80785801e-02,
        2.30448935e-02, 5.89294685e-03, 8.94745346e-03, 1.15199517e-02,
        6.40579779e-03, 9.02782567e-03, 6.99468888e-03, 1.13712652e-02,
        2.61003356e-02, 6.60867197e-03, 3.53658106e-03 ],
    "detector_time_avg": 1.8280358985066414e-02,
    "descriptor_time_avg": 5.4052952677011490e-02,
    "matcher_time_avg": 1.3837474398314953e-02,
    "feature_count": [ 0.0, 0.0, 0.0, 0.0, 0.0, 0.0, 0.0, 0.0, 0.0, 0.0,
        0.0, 0.0, 0.0, 0.0, 0.0, 0.0, 0.0, 0.0 ],
    "match_count": [ 0.0, 0.0, 0.0, 0.0, 0.0, 0.0, 0.0, 0.0, 0.0, 0.0,
        0.0, 0.0, 0.0, 0.0, 0.0, 0.0, 0.0, 0.0 ],
    "feature_count_avg": 0.0,
    "match_count_avg": 0.0,
    "feature_size": [
    ],
    "ttc_lidar": [ 1.2972158904366587e+01, 1.2264037610454634e+01,
        1.6963042013496565e+01, 1.3833989271117169e+01,
        1.2004663308945149e+01, 7.3592115070344954e+00,
        3.7800035762820976e+01, 1.6699971389819016e+01,
        1.6979672497128117e+01, 1.3006981043684853e+01,
        1.1306143857976011e+01, 9.4441383196784763e+00,
        9.3441968045578410e+00, 1.1891678388924651e+01,
        7.8277645911923033e+00, 9.4202855872516746e+00,
        9.1946314698608269e+00, 8.3097786771803737e+00 ],
    "ttc_camera": [ 0.0, 1.2206422531332700e+01, 1.1769328711950374e+01,
        1.2813527284119886e+01, 1.3514400503096665e+01,
        9.7376426650535226e+00, 7.5459395335066439e+00,
        4.4667061627638738e+01, 5.5028831167616010e+00, 0.0,
        4.6363266368210576e+00, 1.3442338074139437e+01,
        5.1618034720020196e-02, 1.0356106684178712e+01,
        1.1323712163736468e+01, 8.5225765894468513e+00,
        1.1682326596074683e+01, 4.9580007988016934e+00 ],
    "kp_roi_count": [ 33, 90, 48, 64, 103, 95, 121, 133, 75, 41, 104, 52,
        67, 73, 52, 113, 88, 40 ],
    "kp_roi_matches": [ 22, 36, 29, 52, 72, 40, 40, 72, 37, 17, 56, 22,
        43, 31, 25, 51, 45, 30 ]
}
