{
    "detector_type": "BRISK",
    "descriptor_type": "BRISK",
    "matcher_type": "MAT_BF",
    "selector_type": "SEL_KNN",
    "detector_time": [ 4.68253866e-02, 4.51329947e-02, 4.50928248e-02,
        4.40403782e-02, 4.52067629e-02, 4.52113710e-02, 4.58868667e-02,
        4.57824953e-02, 4.61355336e-02, 4.71206754e-02, 4.73028459e-02,
        4.67755310e-02, 4.71320525e-02, 4.68921661e-02, 4.85389382e-02,
        4.85805683e-02, 4.88169938e-02, 4.85994034e-02 ],
    "descriptor_time": [ 3.21791880e-02, 3.19382586e-02, 3.08666900e-02,
        3.04236021e-02, 2.99521424e-02, 3.06742229e-02, 3.10812145e-02,
        3.06425374e-02, 3.10673937e-02, 3.16140018e-02, 3.20177153e-02,
        3.11971493e-02, 3.16453241e-02, 3.18269618e-02, 3.22678722e-02,
        3.27261910e-02, 3.32398675e-02, 3.30632813e-02 ],
    "matcher_time": [ 1.98894307e-01, 2.01531693e-01, 1.98734239e-01,
        1.91140309e-01, 1.87873483e-01, 1.92072839e-01, 1.89079598e-01,
        3.06207538e-01, 1.90794915e-01, 1.99230492e-01, 2.05171138e-01,
        2.00966731e-01, 2.01971591e-01, 2.04766333e-01, 2.10303441e-01,
        2.15084508e-01, 2.20497802e-01, 2.25378096e-01 ],
    "detector_time_avg": 4.6615213155746460e-02,
    "descriptor_time_avg": 3.1579092144966125e-02,
    "matcher_time_avg": 2.0828263461589813e-01,
    "feature_count": [ 0.0, 0.0, 0.0, 0.0, 0.0, 0.0, 0.0, 0.0, 0.0, 0.0,
        0.0, 0.0, 0.0, 0.0, 0.0, 0.0, 0.0, 0.0 ],
    "match_count": [ 0.0, 0.0, 0.0, 0.0, 0.0, 0.0, 0.0, 0.0, 0.0, 0.0,
        0.0, 0.0, 0.0, 0.0, 0.0, 0.0, 0.0, 0.0 ],
    "feature_count_avg": 0.0,
    "match_count_avg": 0.0,
    "feature_size": [
    ],
    "ttc_lidar": [ 1.2972158904366587e+01, 1.2264037610454634e+01,
        1.6963042013496565e+01, 1.3833989271117169e+01,
        1.2004663308945149e+01, 7.3592115070344954e+00,
        3.7800035762820976e+01, 1.6699971389819016e+01,
        1.6979672497128117e+01, 1.3006981043684853e+01,
        1.1306143857976011e+01, 9.4441383196784763e+00,
        9.3441968045578410e+00, 1.1891678388924651e+01,
        7.8277645911923033e+00, 9.4202855872516746e+00,
        9.1946314698608269e+00, 8.3097786771803737e+00 ],
    "ttc_camera": [ 1.3192090967155849e+01, 1.3122206865382974e+01,
        1.1273425843611122e+01, 1.4497206461072935e+01,
        2.3665429202990055e+01, 1.3387530364209486e+01,
        1.7672692882960728e+01, 1.5363681355438136e+01,
        1.4827386301481670e+01, 1.2913491240929021e+01,
        1.1598929709258908e+01, 1.1384392130850701e+01,
        1.2559209169173618e+01, 1.0838815526169777e+01,
        1.2150024398974033e+01, 1.0464752180685188e+01,
        8.7721377053877454e+00, 1.0060411319339513e+01 ],
    "kp_roi_count": [ 161, 204, 238, 208, 170, 189, 197, 189, 205, 215,
        205, 233, 215, 223, 220, 227, 242, 262 ],
    "kp_roi_matches": [ 129, 152, 177, 171, 133, 145, 143, 154, 157, 156,
        149, 164, 179, 171, 177, 169, 197, 209 ]
}
