{
    "detector_type": "HARRIS",
    "descriptor_type": "BRIEF",
    "matcher_type": "MAT_BF",
    "selector_type": "SEL_KNN",
    "detector_time": [ 1.83174238e-02, 1.57424882e-02, 1.68657918e-02,
        1.77966263e-02, 1.81038659e-02, 1.61719043e-02, 1.81726702e-02,
        1.79562774e-02, 1.79892778e-02, 1.76055618e-02, 1.61941331e-02,
        1.59884002e-02, 1.67537499e-02, 1.60293169e-02, 1.73782203e-02,
        1.69629529e-02, 1.79738291e-02, 1.66456215e-02 ],
    "descriptor_time": [ 6.44586794e-03, 3.50333098e-03, 4.89468593e-03,
        7.81232910e-03, 7.50918221e-03, 4.96922899e-03, 9.25729424e-03,
        5.56217413e-03, 3.55817704e-03, 8.41015112e-03, 2.82042800e-03,
        3.05165909e-03, 3.15711298e-03, 2.55472609e-03, 8.84186756e-03,
        3.85255390e-03, 3.31275305e-03, 2.95648910e-03 ],
    "matcher_time": [ 5.61749423e-03, 6.71256799e-03, 4.28574486e-03,
        1.53595088e-02, 2.82286722e-02, 2.38704477e-02, 3.54840904e-02,
        2.22811755e-02, 5.70675218e-03, 1.16525013e-02, 1.74369086e-02,
        6.04798691e-03, 8.33641086e-03, 6.40067412e-03, 1.31951459e-02,
        2.34751515e-02, 6.70604222e-03, 3.26971989e-03 ],
    "detector_time_avg": 1.7147116363048553e-02,
    "descriptor_time_avg": 5.1372228190302849e-03,
    "matcher_time_avg": 1.4026440680027008e-02,
    "feature_count": [ 0.0, 0.0, 0.0, 0.0, 0.0, 0.0, 0.0, 0.0, 0.0, 0.0,
        0.0, 0.0, 0.0, 0.0, 0.0, 0.0, 0.0, 0.0 ],
    "match_count": [ 0.0, 0.0, 0.0, 0.0, 0.0, 0.0, 0.0, 0.0, 0.0, 0.0,
        0.0, 0.0, 0.0, 0.0, 0.0, 0.0, 0.0, 0.0 ],
    "feature_count_avg": 0.0,
    "match_count_avg": 0.0,
    "feature_size": [
    ],
    "ttc_lidar": [ 1.2972158904366587e+01, 1.2264037610454634e+01,
        1.6963042013496565e+01, 1.3833989271117169e+01,
        1.2004663308945149e+01, 7.3592115070344954e+00,
        3.7800035762820976e+01, 1.6699971389819016e+01,
        1.6979672497128117e+01, 1.3006981043684853e+01,
        1.1306143857976011e+01, 9.4441383196784763e+00,
        9.3441968045578410e+00, 1.1891678388924651e+01,
        7.8277645911923033e+00, 9.4202855872516746e+00,
        9.1946314698608269e+00, 8.3097786771803737e+00 ],
    "ttc_camera": [ 7.0367205876624993e+01, 0.0, 1.1939326364916672e+01,
        6.1001474202469872e+01, 1.2877643176534399e+01,
        1.0492547807711784e+01, 6.3444090334561132e+00,
        5.1103588785498886e+01, 2.8519135388864609e+00, 0.0,
        3.6685057691296881e+00, 1.3442338074139437e+01,
        5.7841109382546631e+02, 5.4504545830202886e+00,
        6.0698394264340676e+00, 1.1083357539142211e+01,
        1.1219164439329347e+02, 6.1578506430507112e+00 ],
    "kp_roi_count": [ 30, 87, 50, 60, 110, 95, 112, 125, 83, 47, 109, 51,
        70, 68, 52, 115, 89, 40 ],
    "kp_roi_matches": [ 24, 39, 25, 53, 78, 52, 43, 77, 45, 21, 68, 22,
        42, 34, 25, 54, 55, 33 ]
}
