{
    "detector_type": "SURF",
    "descriptor_type": "FREAK",
    "matcher_type": "MAT_BF",
    "selector_type": "SEL_KNN",
    "detector_time": [ 1.52150795e-01, 1.58090428e-01, 1.47543758e-01,
        1.70940265e-01, 1.85148209e-01, 2.14522570e-01, 1.55800879e-01,
        3.06185097e-01, 2.79085398e-01, 2.01126754e-01, 1.54349968e-01,
        1.52015179e-01, 1.52654544e-01, 2.59196281e-01, 1.51906982e-01,
        1.56540573e-01, 1.55973777e-01, 1.85045689e-01 ],
    "descriptor_time": [ 7.57830814e-02, 7.75475651e-02, 7.53085092e-02,
        7.83837065e-02, 8.73134509e-02, 1.05163366e-01, 7.69232586e-02,
        1.30521461e-01, 1.91938162e-01, 7.55124465e-02, 7.67845735e-02,
        7.91828483e-02, 7.36187771e-02, 8.40301588e-02, 7.32704252e-02,
        7.50701502e-02, 7.32430220e-02, 7.62239099e-02 ],
    "matcher_time": [ 8.11888576e-02, 8.32315683e-02, 9.00998339e-02,
        9.51876491e-02, 9.95762274e-02, 9.70353857e-02, 9.19240937e-02,
        2.54155576e-01, 1.35242373e-01, 9.36379731e-02, 9.00053382e-02,
        8.91387761e-02, 9.37482193e-02, 8.89861137e-02, 9.00159702e-02,
        9.16676223e-02, 8.85243639e-02, 9.00729373e-02 ],
    "detector_time_avg": 1.8545985221862793e-01,
    "descriptor_time_avg": 8.8101059198379517e-02,
    "matcher_time_avg": 1.0366176813840866e-01,
    "feature_count": [ 0.0, 0.0, 0.0, 0.0, 0.0, 0.0, 0.0, 0.0, 0.0, 0.0,
        0.0, 0.0, 0.0, 0.0, 0.0, 0.0, 0.0, 0.0 ],
    "match_count": [ 0.0, 0.0, 0.0, 0.0, 0.0, 0.0, 0.0, 0.0, 0.0, 0.0,
        0.0, 0.0, 0.0, 0.0, 0.0, 0.0, 0.0, 0.0 ],
    "feature_count_avg": 0.0,
    "match_count_avg": 0.0,
    "feature_size": [
    ],
    "ttc_lidar": [ 1.2972158904366587e+01, 1.2264037610454634e+01,
        1.6963042013496565e+01, 1.3833989271117169e+01,
        1.2004663308945149e+01, 7.3592115070344954e+00,
        3.7800035762820976e+01, 1.6699971389819016e+01,
        1.6979672497128117e+01, 1.3006981043684853e+01,
        1.1306143857976011e+01, 9.4441383196784763e+00,
        9.3441968045578410e+00, 1.1891678388924651e+01,
        7.8277645911923033e+00, 9.4202855872516746e+00,
        9.1946314698608269e+00, 8.3097786771803737e+00 ],
    "ttc_camera": [ 1.3304791038112846e+01, 1.3945047600706554e+01,
        1.4883186347148040e+01, 1.3913497686042847e+01,
        1.4156059233478770e+01, 1.4291029138321006e+01,
        1.3613881702838029e+01, 1.3470637145153374e+01,
        1.3377286568559073e+01, 1.0657868649730064e+01,
        1.0612361822853932e+01, 9.4550852702323009e+00,
        1.0281049495148034e+01, 1.0839925594288548e+01,
        8.9325899074484738e+00, 9.6394450353993513e+00,
        9.2006633199020289e+00, 8.8945362521873612e+00 ],
    "kp_roi_count": [ 128, 147, 158, 153, 159, 148, 172, 163, 147, 157,
        143, 152, 145, 147, 140, 170, 156, 133 ],
    "kp_roi_matches": [ 97, 107, 117, 127, 122, 121, 127, 130, 123, 121,
        115, 113, 115, 122, 118, 126, 124, 114 ]
}
