{
    "detector_type": "SIFT",
    "descriptor_type": "BRIEF",
    "matcher_type": "MAT_BF",
    "selector_type": "SEL_KNN",
    "detector_time": [ 1.50653750e-01, 1.40256390e-01, 1.40741229e-01,
        1.38999850e-01, 1.39312476e-01, 1.41199157e-01, 1.45365283e-01,
        1.50302932e-01, 1.45571619e-01, 1.42350659e-01, 1.44643113e-01,
        1.89332873e-01, 1.46727920e-01, 1.46919116e-01, 1.46136984e-01,
        1.45268828e-01, 1.48397908e-01, 1.47003248e-01 ],
    "descriptor_time": [ 1.36502031e-02, 1.32699916e-02, 1.27793849e-02,
        1.33517552e-02, 1.30082220e-02, 1.29733030e-02, 1.32034458e-02,
        1.33208353e-02, 1.32158063e-02, 1.35799851e-02, 1.46048367e-02,
        7.37204077e-03, 1.35586914e-02, 1.59484912e-02, 1.41728064e-02,
        1.37254084e-02, 1.36734508e-02, 1.38776526e-02 ],
    "matcher_time": [ 7.42028505e-02, 7.02538863e-02, 6.91675097e-02,
        7.15242848e-02, 7.09358677e-02, 7.44600669e-02, 8.03172588e-02,
        7.59602636e-02, 7.63487667e-02, 7.76299164e-02, 8.07713047e-02,
        7.54312575e-02, 8.03712085e-02, 8.21628198e-02, 8.52425396e-02,
        8.26036409e-02, 8.45457315e-02, 8.48895758e-02 ],
    "detector_time_avg": 1.4717684686183929e-01,
    "descriptor_time_avg": 1.3293683528900146e-02,
    "matcher_time_avg": 7.7800929546356201e-02,
    "feature_count": [ 0.0, 0.0, 0.0, 0.0, 0.0, 0.0, 0.0, 0.0, 0.0, 0.0,
        0.0, 0.0, 0.0, 0.0, 0.0, 0.0, 0.0, 0.0 ],
    "match_count": [ 0.0, 0.0, 0.0, 0.0, 0.0, 0.0, 0.0, 0.0, 0.0, 0.0,
        0.0, 0.0, 0.0, 0.0, 0.0, 0.0, 0.0, 0.0 ],
    "feature_count_avg": 0.0,
    "match_count_avg": 0.0,
    "feature_size": [
    ],
    "ttc_lidar": [ 1.2972158904366587e+01, 1.2264037610454634e+01,
        1.6963042013496565e+01, 1.3833989271117169e+01,
        1.2004663308945149e+01, 7.3592115070344954e+00,
        3.7800035762820976e+01, 1.6699971389819016e+01,
        1.6979672497128117e+01, 1.3006981043684853e+01,
        1.1306143857976011e+01, 9.4441383196784763e+00,
        9.3441968045578410e+00, 1.1891678388924651e+01,
        7.8277645911923033e+00, 9.4202855872516746e+00,
        9.1946314698608269e+00, 8.3097786771803737e+00 ],
    "ttc_camera": [ 1.1509712184117475e+01, 1.1199350429764296e+01,
        1.3586448462048084e+01, 2.1563360967943609e+01,
        1.3563394470854442e+01, 1.1618765437354613e+01,
        1.3065498670913707e+01, 1.6171466128237629e+01,
        1.2534186369878670e+01, 1.0120867293587590e+01,
        1.0520050255268483e+01, 9.5984807204883467e+00,
        8.7800049386587204e+00, 9.5323128981818659e+00,
        8.8367635861468816e+00, 8.8665693021751029e+00,
        8.6354629769220566e+00, 8.7881774245145401e+00 ],
    "kp_roi_count": [ 134, 138, 152, 136, 132, 144, 158, 160, 160, 136,
        130, 150, 143, 123, 134, 133, 103, 124 ],
    "kp_roi_matches": [ 110, 110, 128, 123, 113, 121, 133, 140, 144, 122,
        108, 122, 119, 113, 116, 116, 98, 110 ]
}
