{
    "detector_type": "SIFT",
    "descriptor_type": "SIFT",
    "matcher_type": "MAT_BF",
    "selector_type": "SEL_KNN",
    "detector_time": [ 1.46330759e-01, 1.49779156e-01, 1.52361006e-01,
        1.44577131e-01, 1.44589499e-01, 1.42867282e-01, 1.88788831e-01,
        1.41602427e-01, 5.17834842e-01, 1.47574142e-01, 1.53508350e-01,
        1.51346073e-01, 1.50597706e-01, 1.48880720e-01, 1.50617197e-01,
        1.45272300e-01, 1.54250652e-01, 1.48369715e-01 ],
    "descriptor_time": [ 1.91014484e-02, 1.86013468e-02, 1.89563502e-02,
        1.82355233e-02, 1.83455180e-02, 2.06045341e-02, 5.12871742e-02,
        1.91376731e-02, 6.78454787e-02, 1.96697246e-02, 2.03557834e-02,
        2.02168226e-02, 2.01401338e-02, 2.02246364e-02, 1.99592598e-02,
        2.15758365e-02, 2.14716773e-02, 2.12805383e-02 ],
    "matcher_time": [ 1.95108667e-01, 1.89098194e-01, 1.83544651e-01,
        1.82945892e-01, 1.84516370e-01, 1.99706435e-01, 3.71068358e-01,
        2.81564623e-01, 5.76028407e-01, 2.18722537e-01, 2.22158909e-01,
        2.25396216e-01, 2.21006989e-01, 2.26380900e-01, 2.27683291e-01,
        2.38389477e-01, 2.38360956e-01, 2.45201081e-01 ],
    "detector_time_avg": 1.7106376588344574e-01,
    "descriptor_time_avg": 2.4278305470943451e-02,
    "matcher_time_avg": 2.4892781674861908e-01,
    "feature_count": [ 0.0, 0.0, 0.0, 0.0, 0.0, 0.0, 0.0, 0.0, 0.0, 0.0,
        0.0, 0.0, 0.0, 0.0, 0.0, 0.0, 0.0, 0.0 ],
    "match_count": [ 0.0, 0.0, 0.0, 0.0, 0.0, 0.0, 0.0, 0.0, 0.0, 0.0,
        0.0, 0.0, 0.0, 0.0, 0.0, 0.0, 0.0, 0.0 ],
    "feature_count_avg": 0.0,
    "match_count_avg": 0.0,
    "feature_size": [
    ],
    "ttc_lidar": [ 1.2972158904366587e+01, 1.2264037610454634e+01,
        1.6963042013496565e+01, 1.3833989271117169e+01,
        1.2004663308945149e+01, 7.3592115070344954e+00,
        3.7800035762820976e+01, 1.6699971389819016e+01,
        1.6979672497128117e+01, 1.3006981043684853e+01,
        1.1306143857976011e+01, 9.4441383196784763e+00,
        9.3441968045578410e+00, 1.1891678388924651e+01,
        7.8277645911923033e+00, 9.4202855872516746e+00,
        9.1946314698608269e+00, 8.3097786771803737e+00 ],
    "ttc_camera": [ 1.2067637524408017e+01, 1.3753582159906793e+01,
        1.2646141817456892e+01, 1.8783156068032220e+01,
        1.4392302477405501e+01, 1.0617406564599957e+01,
        1.3869304718801191e+01, 1.4425260694693913e+01,
        1.2778697990422792e+01, 9.8630574924309897e+00,
        1.1928727567302600e+01, 1.0727330388681505e+01,
        1.0267521435808733e+01, 9.1966418374099757e+00,
        9.4693546347308395e+00, 8.2715870906238003e+00,
        8.6126492533282093e+00, 8.4576814379436946e+00 ],
    "kp_roi_count": [ 157, 141, 163, 150, 140, 141, 166, 168, 184, 134,
        140, 161, 154, 142, 138, 141, 129, 138 ],
    "kp_roi_matches": [ 92, 78, 105, 98, 93, 98, 109, 114, 119, 95, 90,
        91, 105, 103, 101, 102, 85, 92 ]
}
