{
    "detector_type": "SURF",
    "descriptor_type": "SIFT",
    "matcher_type": "MAT_BF",
    "selector_type": "SEL_KNN",
    "detector_time": [ 2.60383815e-01, 1.46923587e-01, 1.45353466e-01,
        1.57415047e-01, 1.54974937e-01, 1.51320010e-01, 1.49437577e-01,
        1.51285112e-01, 1.54582709e-01, 1.62755907e-01, 1.57671213e-01,
        1.60266861e-01, 1.60187393e-01, 1.57559380e-01, 1.52719170e-01,
        1.57898992e-01, 1.53169617e-01, 1.55546725e-01 ],
    "descriptor_time": [ 2.91819549e+00, 1.75426495e+00, 1.76190603e+00,
        1.86827600e+00, 1.84652495e+00, 1.85392880e+00, 1.99652123e+00,
        1.87042081e+00, 1.90964305e+00, 1.93742859e+00, 1.99487507e+00,
        1.94054639e+00, 1.97607398e+00, 1.99294925e+00, 1.97141027e+00,
        2.00003219e+00, 1.97755873e+00, 1.99299467e+00 ],
    "matcher_time": [ 4.86601800e-01, 3.40459943e-01, 3.49900991e-01,
        3.63711745e-01, 3.73959303e-01, 3.75574440e-01, 4.72997069e-01,
        4.14420515e-01, 5.41399717e-01, 4.21122134e-01, 4.26592737e-01,
        4.26864386e-01, 4.32594508e-01, 4.41207916e-01, 4.47143734e-01,
        4.49473798e-01, 4.70664203e-01, 4.72178757e-01 ],
    "detector_time_avg": 1.6052508354187012e-01,
    "descriptor_time_avg": 1.9757529497146606e+00,
    "matcher_time_avg": 4.2472147941589355e-01,
    "feature_count": [ 0.0, 0.0, 0.0, 0.0, 0.0, 0.0, 0.0, 0.0, 0.0, 0.0,
        0.0, 0.0, 0.0, 0.0, 0.0, 0.0, 0.0, 0.0 ],
    "match_count": [ 0.0, 0.0, 0.0, 0.0, 0.0, 0.0, 0.0, 0.0, 0.0, 0.0,
        0.0, 0.0, 0.0, 0.0, 0.0, 0.0, 0.0, 0.0 ],
    "feature_count_avg": 0.0,
    "match_count_avg": 0.0,
    "feature_size": [
    ],
    "ttc_lidar": [ 1.2972158904366587e+01, 1.2264037610454634e+01,
        1.6963042013496565e+01, 1.3833989271117169e+01,
        1.2004663308945149e+01, 7.3592115070344954e+00,
        3.7800035762820976e+01, 1.6699971389819016e+01,
        1.6979672497128117e+01, 1.3006981043684853e+01,
        1.1306143857976011e+01, 9.4441383196784763e+00,
        9.3441968045578410e+00, 1.1891678388924651e+01,
        7.8277645911923033e+00, 9.4202855872516746e+00,
        9.1946314698608269e+00, 8.3097786771803737e+00 ],
    "ttc_camera": [ 1.3871892452422696e+01, 1.4798544695794039e+01,
        1.3911951774015241e+01, 1.3605641836576577e+01,
        1.6239171021343900e+01, 1.4898523758342435e+01,
        1.3935919399744638e+01, 1.2135313448134658e+01,
        1.2446386192901047e+01, 1.0729094536249072e+01,
        9.4634726081452296e+00, 9.3763923308000230e+00,
        1.1769146103709593e+01, 9.9229222283161942e+00,
        9.6419617329837006e+00, 9.7261065031087952e+00,
        9.0729737530610368e+00, 1.0035122150433072e+01 ],
    "kp_roi_count": [ 141, 161, 174, 178, 187, 182, 204, 179, 169, 180,
        168, 177, 171, 176, 155, 182, 172, 174 ],
    "kp_roi_matches": [ 130, 141, 156, 171, 174, 161, 176, 170, 160, 160,
        156, 157, 153, 159, 146, 157, 155, 157 ]
}
