{
    "detector_type": "SIFT",
    "descriptor_type": "SURF",
    "matcher_type": "MAT_BF",
    "selector_type": "SEL_KNN",
    "detector_time": [ 1.43579200e-01, 1.40895441e-01, 1.44483984e-01,
        1.41440898e-01, 1.45289272e-01, 1.42467901e-01, 1.40837729e-01,
        1.39399886e-01, 1.41507745e-01, 1.42137796e-01, 1.44328758e-01,
        1.43637493e-01, 1.38881698e-01, 1.43086448e-01, 1.42247304e-01,
        1.74515963e-01, 1.44888654e-01, 1.42998070e-01 ],
    "descriptor_time": [ 6.26836121e-02, 5.76319024e-02, 6.00950867e-02,
        5.83307743e-02, 5.96205182e-02, 6.00159727e-02, 6.16471358e-02,
        6.45798892e-02, 6.18931428e-02, 6.25926107e-02, 6.49474189e-02,
        6.16379604e-02, 6.28402531e-02, 6.21455610e-02, 6.15065843e-02,
        6.26205131e-02, 6.59336671e-02, 6.73260465e-02 ],
    "matcher_time": [ 9.09485668e-02, 8.72043520e-02, 8.42163563e-02,
        8.45641568e-02, 8.62263665e-02, 8.98198932e-02, 9.29086655e-02,
        9.40642506e-02, 9.65812728e-02, 1.00347005e-01, 1.03708684e-01,
        1.02234706e-01, 1.00063011e-01, 1.03754565e-01, 1.02707326e-01,
        1.03905089e-01, 1.07825875e-01, 1.19592547e-01 ],
    "detector_time_avg": 1.4425688982009888e-01,
    "descriptor_time_avg": 6.2113814055919647e-02,
    "matcher_time_avg": 9.7630828619003296e-02,
    "feature_count": [ 0.0, 0.0, 0.0, 0.0, 0.0, 0.0, 0.0, 0.0, 0.0, 0.0,
        0.0, 0.0, 0.0, 0.0, 0.0, 0.0, 0.0, 0.0 ],
    "match_count": [ 0.0, 0.0, 0.0, 0.0, 0.0, 0.0, 0.0, 0.0, 0.0, 0.0,
        0.0, 0.0, 0.0, 0.0, 0.0, 0.0, 0.0, 0.0 ],
    "feature_count_avg": 0.0,
    "match_count_avg": 0.0,
    "feature_size": [
    ],
    "ttc_lidar": [ 1.2972158904366587e+01, 1.2264037610454634e+01,
        1.6963042013496565e+01, 1.3833989271117169e+01,
        1.2004663308945149e+01, 7.3592115070344954e+00,
        3.7800035762820976e+01, 1.6699971389819016e+01,
        1.6979672497128117e+01, 1.3006981043684853e+01,
        1.1306143857976011e+01, 9.4441383196784763e+00,
        9.3441968045578410e+00, 1.1891678388924651e+01,
        7.8277645911923033e+00, 9.4202855872516746e+00,
        9.1946314698608269e+00, 8.3097786771803737e+00 ],
    "ttc_camera": [ 1.1178292391897694e+01, 1.3940988525957609e+01,
        1.0625655371827312e+01, 1.3342642518386150e+01,
        1.1495264753808062e+01, 1.0389169927663739e+01,
        1.2750845365571543e+01, 1.0757009961174028e+01,
        1.1843750928375650e+01, 9.3402271001202166e+00,
        1.3048838012483387e+01, 1.0474820250916741e+01,
        9.5241104588252004e+00, 8.4842476959106481e+00,
        1.0084744524620708e+01, 7.4405871078151389e+00,
        8.0208181238497627e+00, 8.9646727920186766e+00 ],
    "kp_roi_count": [ 115, 159, 148, 142, 136, 158, 186, 181, 163, 145,
        130, 150, 161, 158, 154, 131, 124, 115 ],
    "kp_roi_matches": [ 64, 62, 72, 65, 63, 83, 83, 85, 87, 67, 67, 65,
        69, 70, 64, 64, 57, 47 ]
}
