{
    "detector_type": "SHITOMASI",
    "descriptor_type": "ORB",
    "matcher_type": "MAT_BF",
    "selector_type": "SEL_KNN",
    "detector_time": [ 1.94364209e-02, 1.77270565e-02, 1.83247514e-02,
        1.93748549e-02, 2.72292029e-02, 1.80006996e-02, 1.69683490e-02,
        2.62072254e-02, 1.81104075e-02, 2.78854482e-02, 1.94907691e-02,
        2.25538537e-02, 2.69231126e-02, 1.93266273e-02, 2.72396710e-02,
        1.83509588e-02, 1.73312090e-02, 1.80796776e-02 ],
    "descriptor_time": [ 5.88589022e-03, 4.77349479e-03, 7.02349516e-03,
        6.78411778e-03, 4.34718421e-03, 6.34526182e-03, 5.73205017e-03,
        4.42731706e-03, 6.80510513e-03, 4.36280202e-03, 7.42899999e-03,
        7.25774188e-03, 6.26108889e-03, 7.38869281e-03, 4.55103302e-03,
        6.32057618e-03, 5.61814895e-03, 6.74974779e-03 ],
    "matcher_time": [ 6.61938861e-02, 6.56536594e-02, 6.44029751e-02,
        7.19760284e-02, 6.87726662e-02, 6.33015111e-02, 6.60504848e-02,
        6.92637414e-02, 7.07344487e-02, 6.91997111e-02, 6.34420961e-02,
        6.30313456e-02, 6.87678680e-02, 6.41414598e-02, 7.27511570e-02,
        6.95070326e-02, 6.90381825e-02, 7.02685788e-02 ],
    "detector_time_avg": 2.1031128242611885e-02,
    "descriptor_time_avg": 6.0034859925508499e-03,
    "matcher_time_avg": 6.7664876580238342e-02,
    "feature_count": [ 0.0, 0.0, 0.0, 0.0, 0.0, 0.0, 0.0, 0.0, 0.0, 0.0,
        0.0, 0.0, 0.0, 0.0, 0.0, 0.0, 0.0, 0.0 ],
    "match_count": [ 0.0, 0.0, 0.0, 0.0, 0.0, 0.0, 0.0, 0.0, 0.0, 0.0,
        0.0, 0.0, 0.0, 0.0, 0.0, 0.0, 0.0, 0.0 ],
    "feature_count_avg": 0.0,
    "match_count_avg": 0.0,
    "feature_size": [
    ],
    "ttc_lidar": [ 1.2972158904366587e+01, 1.2264037610454634e+01,
        1.6963042013496565e+01, 1.3833989271117169e+01,
        1.2004663308945149e+01, 7.3592115070344954e+00,
        3.7800035762820976e+01, 1.6699971389819016e+01,
        1.6979672497128117e+01, 1.3006981043684853e+01,
        1.1306143857976011e+01, 9.4441383196784763e+00,
        9.3441968045578410e+00, 1.1891678388924651e+01,
        7.8277645911923033e+00, 9.4202855872516746e+00,
        9.1946314698608269e+00, 8.3097786771803737e+00 ],
    "ttc_camera": [ 1.3813048364034316e+01, 9.7081129016356016e+00,
        1.1888078874359559e+01, 1.2533437689787339e+01,
        1.1622732685547842e+01, 1.2733598903321145e+01,
        9.8386816119415350e+00, 9.9360591748022138e+00,
        9.3457712188901656e+00, 9.0408056143654889e+00,
        1.0683655976635793e+01, 9.5444453149184305e+00,
        1.0511809502756298e+01, 8.5633788186030184e+00,
        8.9945088652659262e+00, 7.4748502492266491e+00,
        9.2933038572670181e+00, 7.8686236825101545e+00 ],
    "kp_roi_count": [ 91, 99, 105, 107, 108, 102, 108, 112, 113, 114, 98,
        104, 111, 108, 102, 112, 99, 109 ],
    "kp_roi_matches": [ 69, 70, 77, 83, 81, 62, 65, 68, 67, 55, 72, 65,
        77, 63, 65, 69, 82, 88 ]
}
