{
    "detector_type": "SIFT",
    "descriptor_type": "ORB",
    "matcher_type": "MAT_BF",
    "selector_type": "SEL_KNN",
    "detector_time": [ 1.53271556e-01, 1.58786967e-01, 1.46252364e-01,
        1.45609468e-01, 1.46105140e-01, 1.44873098e-01, 1.44792050e-01,
        1.46363154e-01, 1.49062648e-01, 1.45156041e-01, 1.44461915e-01,
        1.47206992e-01, 1.47768840e-01, 1.48410857e-01, 1.49654612e-01,
        1.48474127e-01, 1.60709038e-01, 1.48528248e-01 ],
    "descriptor_time": [ 1.95895899e-02, 1.82040464e-02, 1.95229929e-02,
        1.81495044e-02, 1.86152905e-02, 1.89522207e-02, 1.90284941e-02,
        1.89783983e-02, 1.95279922e-02, 1.98607016e-02, 2.02999953e-02,
        1.96858551e-02, 1.98546555e-02, 2.01605782e-02, 2.11133622e-02,
        2.08734963e-02, 2.04418898e-02, 3.40774246e-02 ],
    "matcher_time": [ 8.33180472e-02, 7.95656815e-02, 7.90674165e-02,
        7.72927105e-02, 7.87506029e-02, 8.02594349e-02, 8.33101571e-02,
        8.59597847e-02, 8.61019492e-02, 8.79200622e-02, 9.15894508e-02,
        9.12515968e-02, 9.14177150e-02, 9.25482213e-02, 9.47023332e-02,
        9.53514948e-02, 1.05871364e-01, 1.29683524e-01 ],
    "detector_time_avg": 1.4863818883895874e-01,
    "descriptor_time_avg": 2.0385362207889557e-02,
    "matcher_time_avg": 9.0037852525711060e-02,
    "feature_count": [ 0.0, 0.0, 0.0, 0.0, 0.0, 0.0, 0.0, 0.0, 0.0, 0.0,
        0.0, 0.0, 0.0, 0.0, 0.0, 0.0, 0.0, 0.0 ],
    "match_count": [ 0.0, 0.0, 0.0, 0.0, 0.0, 0.0, 0.0, 0.0, 0.0, 0.0,
        0.0, 0.0, 0.0, 0.0, 0.0, 0.0, 0.0, 0.0 ],
    "feature_count_avg": 0.0,
    "match_count_avg": 0.0,
    "feature_size": [
    ],
    "ttc_lidar": [ 1.2972158904366587e+01, 1.2264037610454634e+01,
        1.6963042013496565e+01, 1.3833989271117169e+01,
        1.2004663308945149e+01, 7.3592115070344954e+00,
        3.7800035762820976e+01, 1.6699971389819016e+01,
        1.6979672497128117e+01, 1.3006981043684853e+01,
        1.1306143857976011e+01, 9.4441383196784763e+00,
        9.3441968045578410e+00, 1.1891678388924651e+01,
        7.8277645911923033e+00, 9.4202855872516746e+00,
        9.1946314698608269e+00, 8.3097786771803737e+00 ],
    "ttc_camera": [ 1.2512373978534603e+01, 1.2235831800747272e+01,
        1.2726863719587508e+01, 1.7771744053206088e+01,
        1.4606589686142488e+01, 9.1481298665756121e+00,
        1.2700872778608586e+01, 1.2652813515371493e+01,
        1.2246979013022242e+01, 9.5086718610371861e+00,
        1.1102465612219072e+01, 1.0690413944627856e+01,
        9.1628239374336982e+00, 9.3319131243569853e+00,
        9.3830234302389179e+00, 8.9583618752091443e+00,
        8.6795396237749589e+00, 8.8735926113136880e+00 ],
    "kp_roi_count": [ 138, 136, 153, 145, 141, 158, 181, 157, 172, 141,
        129, 152, 149, 138, 131, 136, 125, 131 ],
    "kp_roi_matches": [ 93, 84, 108, 100, 93, 103, 112, 115, 121, 96, 94,
        95, 104, 101, 99, 103, 84, 94 ]
}
