{
    "detector_type": "HARRIS",
    "descriptor_type": "SURF",
    "matcher_type": "MAT_BF",
    "selector_type": "SEL_KNN",
    "detector_time": [ 1.72129795e-02, 1.91268362e-02, 2.11660136e-02,
        1.33813964e-02, 1.24715799e-02, 1.17479274e-02, 1.55943874e-02,
        1.16314124e-02, 1.67295933e-02, 1.68239437e-02, 1.79673675e-02,
        2.19079070e-02, 2.08715536e-02, 1.85698867e-02, 2.05778275e-02,
        1.57519262e-02, 1.87247787e-02, 1.29210856e-02 ],
    "descriptor_time": [ 9.38395876e-03, 4.51187184e-03, 7.04281591e-03,
        1.07762758e-02, 1.03742201e-02, 1.14939976e-02, 1.29679283e-02,
        8.20407271e-03, 4.81945788e-03, 1.18251620e-02, 6.12387713e-03,
        6.97022118e-03, 7.58706499e-03, 5.58738597e-03, 1.23079251e-02,
        9.65340901e-03, 4.56203008e-03, 5.55861415e-03 ],
    "matcher_time": [ 2.06497833e-02, 2.04404742e-02, 1.90635901e-02,
        4.64219935e-02, 6.66628182e-02, 7.01081976e-02, 8.51608366e-02,
        6.04456104e-02, 1.97261646e-02, 4.46045510e-02, 4.40819077e-02,
        2.21412834e-02, 2.80120615e-02, 2.05686558e-02, 3.49568501e-02,
        6.71187267e-02, 2.66731903e-02, 9.20590572e-03 ],
    "detector_time_avg": 1.6843246296048164e-02,
    "descriptor_time_avg": 8.3194598555564880e-03,
    "matcher_time_avg": 4.0317222476005554e-02,
    "feature_count": [ 0.0, 0.0, 0.0, 0.0, 0.0, 0.0, 0.0, 0.0, 0.0, 0.0,
        0.0, 0.0, 0.0, 0.0, 0.0, 0.0, 0.0, 0.0 ],
    "match_count": [ 0.0, 0.0, 0.0, 0.0, 0.0, 0.0, 0.0, 0.0, 0.0, 0.0,
        0.0, 0.0, 0.0, 0.0, 0.0, 0.0, 0.0, 0.0 ],
    "feature_count_avg": 0.0,
    "match_count_avg": 0.0,
    "feature_size": [
    ],
    "ttc_lidar": [ 1.2972158904366587e+01, 1.2264037610454634e+01,
        1.6963042013496565e+01, 1.3833989271117169e+01,
        1.2004663308945149e+01, 7.3592115070344954e+00,
        3.7800035762820976e+01, 1.6699971389819016e+01,
        1.6979672497128117e+01, 1.3006981043684853e+01,
        1.1306143857976011e+01, 9.4441383196784763e+00,
        9.3441968045578410e+00, 1.1891678388924651e+01,
        7.8277645911923033e+00, 9.4202855872516746e+00,
        9.1946314698608269e+00, 8.3097786771803737e+00 ],
    "ttc_camera": [ 0.0, 1.2520015765873012e+01, 1.1217425180269920e+01,
        1.2675087321773869e+01, 1.1038075666081260e+01, 0.0,
        6.0757224645498527e+00, 4.4385008673118648e+01,
        1.0802337484036855e+01, 0.0, 1.1565719695591222e+01, 0.0,
        1.1426037862541801e+01, 8.9219107016666506e+00,
        9.5941069715225815e+00, 6.7867503138406065e+00,
        1.0984227213765562e+01, 6.1578506430507112e+00 ],
    "kp_roi_count": [ 32, 107, 50, 60, 118, 98, 114, 156, 81, 41, 80, 54,
        71, 81, 56, 116, 89, 47 ],
    "kp_roi_matches": [ 22, 36, 25, 47, 70, 46, 49, 71, 35, 19, 46, 23,
        44, 34, 26, 51, 44, 26 ]
}
