{
    "detector_type": "SHITOMASI",
    "descriptor_type": "BRIEF",
    "matcher_type": "MAT_BF",
    "selector_type": "SEL_KNN",
    "detector_time": [ 4.92012762e-02, 2.64056530e-02, 2.66746450e-02,
        1.72481611e-02, 1.76277980e-02, 1.76967066e-02, 1.79807805e-02,
        1.88672058e-02, 1.82491485e-02, 1.82354618e-02, 1.81594696e-02,
        2.49069557e-02, 1.87407229e-02, 1.80755872e-02, 1.78676210e-02,
        2.64567062e-02, 2.56248880e-02, 1.67868789e-02 ],
    "descriptor_time": [ 1.73915066e-02, 1.44044897e-02, 8.11542291e-03,
        1.03273802e-02, 1.38288550e-02, 1.35068344e-02, 8.36706907e-03,
        1.44150509e-02, 1.32047441e-02, 1.27248419e-02, 1.39936758e-02,
        1.06380805e-02, 1.39247403e-02, 8.10016878e-03, 1.33230537e-02,
        1.32272141e-02, 1.43040409e-02, 1.34913353e-02 ],
    "matcher_time": [ 7.52450079e-02, 6.11565672e-02, 6.73387647e-02,
        6.83433041e-02, 6.09762371e-02, 6.16164617e-02, 6.76275939e-02,
        7.05769658e-02, 6.77271485e-02, 6.60705641e-02, 6.24731705e-02,
        7.18633682e-02, 6.69723377e-02, 7.36830309e-02, 7.39065260e-02,
        6.85944185e-02, 7.27885589e-02, 7.16841668e-02 ],
    "detector_time_avg": 2.1933648735284805e-02,
    "descriptor_time_avg": 1.2627138756215572e-02,
    "matcher_time_avg": 6.7847006022930145e-02,
    "feature_count": [ 0.0, 0.0, 0.0, 0.0, 0.0, 0.0, 0.0, 0.0, 0.0, 0.0,
        0.0, 0.0, 0.0, 0.0, 0.0, 0.0, 0.0, 0.0 ],
    "match_count": [ 0.0, 0.0, 0.0, 0.0, 0.0, 0.0, 0.0, 0.0, 0.0, 0.0,
        0.0, 0.0, 0.0, 0.0, 0.0, 0.0, 0.0, 0.0 ],
    "feature_count_avg": 0.0,
    "match_count_avg": 0.0,
    "feature_size": [
    ],
    "ttc_lidar": [ 1.2972158904366587e+01, 1.2264037610454634e+01,
        1.6963042013496565e+01, 1.3833989271117169e+01,
        1.2004663308945149e+01, 7.3592115070344954e+00,
        3.7800035762820976e+01, 1.6699971389819016e+01,
        1.6979672497128117e+01, 1.3006981043684853e+01,
        1.1306143857976011e+01, 9.4441383196784763e+00,
        9.3441968045578410e+00, 1.1891678388924651e+01,
        7.8277645911923033e+00, 9.4202855872516746e+00,
        9.1946314698608269e+00, 8.3097786771803737e+00 ],
    "ttc_camera": [ 1.4661150815598811e+01, 1.2527085874407698e+01,
        8.8024896674924324e+00, 1.4129953987933389e+01,
        1.2055632900627186e+01, 1.3337935870080846e+01,
        1.2914426180477600e+01, 9.6482555962195011e+00,
        9.9762938654992208e+00, 8.5477202168295570e+00,
        1.0254757393609042e+01, 8.9153507880031686e+00,
        1.0147168627009748e+01, 8.1124923558118489e+00,
        9.6976967455313332e+00, 6.9306902563234676e+00,
        1.0062016920344220e+01, 8.1162717588859454e+00 ],
    "kp_roi_count": [ 96, 109, 115, 106, 106, 99, 110, 114, 113, 108, 99,
        113, 113, 107, 105, 117, 103, 108 ],
    "kp_roi_matches": [ 71, 74, 86, 91, 89, 68, 71, 70, 71, 59, 77, 72,
        79, 74, 68, 74, 88, 90 ]
}
