{
    "detector_type": "BRISK",
    "descriptor_type": "SIFT",
    "matcher_type": "MAT_BF",
    "selector_type": "SEL_KNN",
    "detector_time": [ 4.59438786e-02, 4.55553755e-02, 4.66854908e-02,
        4.42394949e-02, 4.61502373e-02, 4.56361473e-02, 4.52701449e-02,
        4.58582193e-02, 4.61728089e-02, 4.73180935e-02, 4.72728349e-02,
        4.65298146e-02, 4.80279066e-02, 4.78499942e-02, 4.81833965e-02,
        4.86894548e-02, 4.91614342e-02, 4.89114597e-02 ],
    "descriptor_time": [ 3.23634148e-02, 3.13409530e-02, 3.09944116e-02,
        3.03816795e-02, 3.07864342e-02, 3.09360549e-02, 3.01884562e-02,
        2.97731422e-02, 3.03639472e-02, 3.12062781e-02, 3.17639932e-02,
        3.03087980e-02, 3.11744642e-02, 3.24171558e-02, 3.12802084e-02,
        3.29379253e-02, 3.31544504e-02, 3.24000120e-02 ],
    "matcher_time": [ 4.96601433e-01, 5.09759068e-01, 5.02882659e-01,
        4.92265522e-01, 4.74533319e-01, 4.78467345e-01, 4.74036515e-01,
        4.73367453e-01, 4.80799407e-01, 5.08272290e-01, 5.18337011e-01,
        5.06919682e-01, 5.05336404e-01, 5.20277500e-01, 5.28835475e-01,
        5.47820687e-01, 5.61883628e-01, 5.59617281e-01 ],
    "detector_time_avg": 4.6858683228492737e-02,
    "descriptor_time_avg": 3.1320653855800629e-02,
    "matcher_time_avg": 5.0843590497970581e-01,
    "feature_count": [ 0.0, 0.0, 0.0, 0.0, 0.0, 0.0, 0.0, 0.0, 0.0, 0.0,
        0.0, 0.0, 0.0, 0.0, 0.0, 0.0, 0.0, 0.0 ],
    "match_count": [ 0.0, 0.0, 0.0, 0.0, 0.0, 0.0, 0.0, 0.0, 0.0, 0.0,
        0.0, 0.0, 0.0, 0.0, 0.0, 0.0, 0.0, 0.0 ],
    "feature_count_avg": 0.0,
    "match_count_avg": 0.0,
    "feature_size": [
    ],
    "ttc_lidar": [ 1.2972158904366587e+01, 1.2264037610454634e+01,
        1.6963042013496565e+01, 1.3833989271117169e+01,
        1.2004663308945149e+01, 7.3592115070344954e+00,
        3.7800035762820976e+01, 1.6699971389819016e+01,
        1.6979672497128117e+01, 1.3006981043684853e+01,
        1.1306143857976011e+01, 9.4441383196784763e+00,
        9.3441968045578410e+00, 1.1891678388924651e+01,
        7.8277645911923033e+00, 9.4202855872516746e+00,
        9.1946314698608269e+00, 8.3097786771803737e+00 ],
    "ttc_camera": [ 1.3589732936755246e+01, 1.5382223873495791e+01,
        9.6816460813831622e+00, 1.5927162424759867e+01,
        3.0933847258205539e+01, 1.6190568326584398e+01,
        1.4937359647115054e+01, 1.6764363028664341e+01,
        1.3799424189702941e+01, 1.3412116991457316e+01,
        1.0757374627490826e+01, 1.0169501997635356e+01,
        1.2162382007251360e+01, 1.0876964218020845e+01,
        1.1392629323582414e+01, 1.0381924744687950e+01,
        8.5029429225721938e+00, 1.0184179671829940e+01 ],
    "kp_roi_count": [ 169, 215, 236, 184, 167, 177, 200, 201, 204, 209,
        197, 240, 221, 227, 217, 235, 245, 262 ],
    "kp_roi_matches": [ 124, 140, 167, 148, 123, 137, 137, 140, 145, 150,
        150, 161, 164, 166, 171, 157, 189, 198 ]
}
