{
    "detector_type": "SIFT",
    "descriptor_type": "SIFT",
    "matcher_type": "MAT_BF",
    "selector_type": "SEL_KNN",
    "detector_time": [ 1.43543586e-01, 1.42305478e-01, 1.37028933e-01,
        1.38279170e-01, 1.41734540e-01, 1.41962156e-01, 1.44730315e-01,
        1.40038833e-01, 1.42019466e-01, 1.40970781e-01, 1.46742105e-01,
        1.45060867e-01, 1.39147341e-01, 1.51602641e-01, 1.49094343e-01,
        1.44563228e-01, 1.43945530e-01, 1.48337498e-01 ],
    "descriptor_time": [ 1.79347351e-01, 1.67703986e-01, 1.72941118e-01,
        1.73667163e-01, 1.68292627e-01, 1.73950210e-01, 1.80620357e-01,
        1.79756120e-01, 1.83129892e-01, 1.81844831e-01, 1.84542269e-01,
        1.90229505e-01, 1.83485314e-01, 1.88738048e-01, 1.81730017e-01,
        1.87319979e-01, 1.92801461e-01, 1.90281212e-01 ],
    "matcher_time": [ 1.55462489e-01, 1.51273131e-01, 1.44700408e-01,
        1.47256911e-01, 1.48354128e-01, 1.54540733e-01, 1.61715969e-01,
        1.63872853e-01, 1.70795307e-01, 1.79088458e-01, 1.83738708e-01,
        1.81776956e-01, 1.74660474e-01, 1.75864443e-01, 1.78452924e-01,
        1.80176422e-01, 1.83926031e-01, 1.90513089e-01 ],
    "detector_time_avg": 1.4339484274387360e-01,
    "descriptor_time_avg": 1.8113230168819427e-01,
    "matcher_time_avg": 1.6886512935161591e-01,
    "feature_count": [ 0.0, 0.0, 0.0, 0.0, 0.0, 0.0, 0.0, 0.0, 0.0, 0.0,
        0.0, 0.0, 0.0, 0.0, 0.0, 0.0, 0.0, 0.0 ],
    "match_count": [ 0.0, 0.0, 0.0, 0.0, 0.0, 0.0, 0.0, 0.0, 0.0, 0.0,
        0.0, 0.0, 0.0, 0.0, 0.0, 0.0, 0.0, 0.0 ],
    "feature_count_avg": 0.0,
    "match_count_avg": 0.0,
    "feature_size": [
    ],
    "ttc_lidar": [ 1.2972158904366587e+01, 1.2264037610454634e+01,
        1.6963042013496565e+01, 1.3833989271117169e+01,
        1.2004663308945149e+01, 7.3592115070344954e+00,
        3.7800035762820976e+01, 1.6699971389819016e+01,
        1.6979672497128117e+01, 1.3006981043684853e+01,
        1.1306143857976011e+01, 9.4441383196784763e+00,
        9.3441968045578410e+00, 1.1891678388924651e+01,
        7.8277645911923033e+00, 9.4202855872516746e+00,
        9.1946314698608269e+00, 8.3097786771803737e+00 ],
    "ttc_camera": [ 1.1123315501116975e+01, 1.2988837754722635e+01,
        1.2464202794155257e+01, 1.7139325768910680e+01,
        1.3077807646260517e+01, 1.1780096950951153e+01,
        1.3011138770248182e+01, 1.4432788033565178e+01,
        1.2246979013022242e+01, 1.0449914042814992e+01,
        1.0288229540618888e+01, 1.0492840995829358e+01,
        9.3779185772404627e+00, 9.9259584461587007e+00,
        9.4250864134217434e+00, 8.5792245998060181e+00,
        8.6791603148962206e+00, 8.5038078913400312e+00 ],
    "kp_roi_count": [ 120, 149, 157, 153, 139, 143, 188, 184, 177, 135,
        133, 164, 150, 147, 148, 150, 127, 135 ],
    "kp_roi_matches": [ 92, 88, 103, 103, 92, 101, 115, 109, 117, 93, 94,
        98, 104, 96, 99, 102, 83, 90 ]
}
