{
    "detector_type": "SURF",
    "descriptor_type": "BRIEF",
    "matcher_type": "MAT_BF",
    "selector_type": "SEL_KNN",
    "detector_time": [ 1.55760109e-01, 1.48915708e-01, 1.47915557e-01,
        1.46537676e-01, 1.45631507e-01, 1.64840877e-01, 1.46065801e-01,
        1.46938175e-01, 1.47323459e-01, 1.49880409e-01, 1.66027635e-01,
        1.71906516e-01, 1.62331089e-01, 1.56005800e-01, 1.57821715e-01,
        1.59572184e-01, 1.54271275e-01, 1.56945601e-01 ],
    "descriptor_time": [ 2.97150277e-02, 2.95601487e-02, 2.99100652e-02,
        3.08557507e-02, 3.03930901e-02, 3.04701533e-02, 3.02162785e-02,
        3.30899507e-02, 3.16920057e-02, 3.14151384e-02, 3.17062847e-02,
        3.15852724e-02, 3.42727266e-02, 3.48119885e-02, 3.25053185e-02,
        3.27319652e-02, 3.25864181e-02, 3.39544229e-02 ],
    "matcher_time": [ 1.40444115e-01, 1.43848911e-01, 1.51713595e-01,
        1.53975829e-01, 1.58903345e-01, 1.58828527e-01, 1.55629009e-01,
        1.55959934e-01, 1.62474975e-01, 1.65005192e-01, 1.67675450e-01,
        1.68603241e-01, 1.70293123e-01, 1.88073918e-01, 1.78992957e-01,
        1.80386513e-01, 1.80130869e-01, 1.81441963e-01 ],
    "detector_time_avg": 1.5470506250858307e-01,
    "descriptor_time_avg": 3.1748443841934204e-02,
    "matcher_time_avg": 1.6599632799625397e-01,
    "feature_count": [ 0.0, 0.0, 0.0, 0.0, 0.0, 0.0, 0.0, 0.0, 0.0, 0.0,
        0.0, 0.0, 0.0, 0.0, 0.0, 0.0, 0.0, 0.0 ],
    "match_count": [ 0.0, 0.0, 0.0, 0.0, 0.0, 0.0, 0.0, 0.0, 0.0, 0.0,
        0.0, 0.0, 0.0, 0.0, 0.0, 0.0, 0.0, 0.0 ],
    "feature_count_avg": 0.0,
    "match_count_avg": 0.0,
    "feature_size": [
    ],
    "ttc_lidar": [ 1.2972158904366587e+01, 1.2264037610454634e+01,
        1.6963042013496565e+01, 1.3833989271117169e+01,
        1.2004663308945149e+01, 7.3592115070344954e+00,
        3.7800035762820976e+01, 1.6699971389819016e+01,
        1.6979672497128117e+01, 1.3006981043684853e+01,
        1.1306143857976011e+01, 9.4441383196784763e+00,
        9.3441968045578410e+00, 1.1891678388924651e+01,
        7.8277645911923033e+00, 9.4202855872516746e+00,
        9.1946314698608269e+00, 8.3097786771803737e+00 ],
    "ttc_camera": [ 1.3570371821485280e+01, 1.4032658475204254e+01,
        1.3371036477942207e+01, 1.4020655314096325e+01,
        1.7924106751011983e+01, 1.3197054682137958e+01,
        1.4120435854621345e+01, 1.1901341785720570e+01,
        1.2875505159054914e+01, 1.0962348281675236e+01,
        9.6525559498950173e+00, 1.0735328845338174e+01,
        1.0169473243690692e+01, 9.9093492499375131e+00,
        9.7157873124283398e+00, 9.5316676446290565e+00,
        9.0845074590489698e+00, 9.2952757617920465e+00 ],
    "kp_roi_count": [ 146, 156, 178, 170, 182, 170, 184, 189, 167, 173,
        156, 161, 178, 166, 161, 181, 162, 154 ],
    "kp_roi_matches": [ 114, 122, 133, 147, 147, 143, 141, 153, 138, 137,
        135, 130, 130, 138, 136, 138, 133, 127 ]
}
