{
    "detector_type": "ORB",
    "descriptor_type": "BRISK",
    "matcher_type": "MAT_BF",
    "selector_type": "SEL_KNN",
    "detector_time": [ 1.83080118e-02, 1.79482345e-02, 2.50840262e-02,
        1.67250317e-02, 1.67653412e-02, 1.62688643e-02, 1.92732085e-02,
        1.95105392e-02, 2.64127161e-02, 1.82363037e-02, 1.63807217e-02,
        1.59858111e-02, 1.62824728e-02, 1.84518788e-02, 1.81392320e-02,
        1.92686357e-02, 1.66957285e-02, 1.62918605e-02 ],
    "descriptor_time": [ 3.16504538e-02, 2.76788883e-02, 2.79454328e-02,
        2.83046979e-02, 3.04476582e-02, 2.74746101e-02, 2.77092177e-02,
        2.73797419e-02, 2.76266504e-02, 2.76584923e-02, 2.76342686e-02,
        2.75967121e-02, 2.88139638e-02, 2.74655651e-02, 2.86696646e-02,
        2.79865153e-02, 2.96342149e-02, 2.83605307e-02 ],
    "matcher_time": [ 1.55510947e-01, 1.30471319e-01, 1.29866183e-01,
        1.30520955e-01, 1.34298548e-01, 1.29767179e-01, 1.31138504e-01,
        1.34218946e-01, 1.31888121e-01, 1.29270718e-01, 1.30851537e-01,
        1.29646301e-01, 1.31634906e-01, 1.34166449e-01, 1.35930985e-01,
        1.36662096e-01, 1.37243718e-01, 1.39018476e-01 ],
    "detector_time_avg": 1.8446035683155060e-02,
    "descriptor_time_avg": 2.8335401788353920e-02,
    "matcher_time_avg": 1.3274088501930237e-01,
    "feature_count": [ 0.0, 0.0, 0.0, 0.0, 0.0, 0.0, 0.0, 0.0, 0.0, 0.0,
        0.0, 0.0, 0.0, 0.0, 0.0, 0.0, 0.0, 0.0 ],
    "match_count": [ 0.0, 0.0, 0.0, 0.0, 0.0, 0.0, 0.0, 0.0, 0.0, 0.0,
        0.0, 0.0, 0.0, 0.0, 0.0, 0.0, 0.0, 0.0 ],
    "feature_count_avg": 0.0,
    "match_count_avg": 0.0,
    "feature_size": [
    ],
    "ttc_lidar": [ 1.2972158904366587e+01, 1.2264037610454634e+01,
        1.6963042013496565e+01, 1.3833989271117169e+01,
        1.2004663308945149e+01, 7.3592115070344954e+00,
        3.7800035762820976e+01, 1.6699971389819016e+01,
        1.6979672497128117e+01, 1.3006981043684853e+01,
        1.1306143857976011e+01, 9.4441383196784763e+00,
        9.3441968045578410e+00, 1.1891678388924651e+01,
        7.8277645911923033e+00, 9.4202855872516746e+00,
        9.1946314698608269e+00, 8.3097786771803737e+00 ],
    "ttc_camera": [ 1.2533685028916826e+01, 1.4037060554826089e+01,
        3.6479612697913240e+01, 1.4969741458426086e+01,
        4.8994612519662688e+01, 9.5162280256778242e+00,
        1.1690598639463783e+01, 1.3816476823494410e+01,
        2.5249543542231883e+01, 8.0600427094062184e+00,
        8.1288464464494066e+00, 1.0227299849570443e+01,
        8.1274908119614206e+00, 8.2348156346164920e+00,
        7.0481426481482545e+00, 7.9245722790399311e+00,
        9.7957907127931065e+00, 7.9813458091401230e+00 ],
    "kp_roi_count": [ 214, 214, 244, 242, 265, 247, 278, 283, 245, 272,
        251, 258, 257, 250, 244, 283, 272, 276 ],
    "kp_roi_matches": [ 143, 112, 148, 169, 152, 137, 138, 146, 128, 130,
        146, 124, 161, 145, 150, 158, 183, 184 ]
}
