{
    "detector_type": "ORB",
    "descriptor_type": "SIFT",
    "matcher_type": "MAT_BF",
    "selector_type": "SEL_KNN",
    "detector_time": [ 1.81620456e-02, 1.78162400e-02, 1.91296972e-02,
        1.84393488e-02, 1.77106429e-02, 1.77288000e-02, 1.79599002e-02,
        1.83470473e-02, 1.82328485e-02, 1.84972119e-02, 1.85756870e-02,
        1.87454075e-02, 1.88973509e-02, 1.81552134e-02, 1.79319326e-02,
        1.85261946e-02, 1.86656881e-02, 3.21973413e-02 ],
    "descriptor_time": [ 1.40962422e+00, 1.41094267e+00, 1.40761328e+00,
        1.40976739e+00, 1.41680789e+00, 1.40145552e+00, 1.42441165e+00,
        1.42321861e+00, 1.42140496e+00, 1.41786790e+00, 1.44816267e+00,
        1.42415857e+00, 1.42849636e+00, 1.41934609e+00, 1.43007505e+00,
        1.43396151e+00, 1.50730610e+00, 2.15815306e+00 ],
    "matcher_time": [ 3.77881587e-01, 3.77954960e-01, 3.75656009e-01,
        3.78313988e-01, 3.95027637e-01, 3.74634445e-01, 3.76050830e-01,
        3.73571664e-01, 3.76178920e-01, 3.87700379e-01, 3.84895325e-01,
        3.74443650e-01, 3.78088713e-01, 3.79965246e-01, 3.92853409e-01,
        3.88204247e-01, 3.93726826e-01, 4.24547970e-01 ],
    "detector_time_avg": 1.9095476716756821e-02,
    "descriptor_time_avg": 1.4662652015686035e+00,
    "matcher_time_avg": 3.8422438502311707e-01,
    "feature_count": [ 0.0, 0.0, 0.0, 0.0, 0.0, 0.0, 0.0, 0.0, 0.0, 0.0,
        0.0, 0.0, 0.0, 0.0, 0.0, 0.0, 0.0, 0.0 ],
    "match_count": [ 0.0, 0.0, 0.0, 0.0, 0.0, 0.0, 0.0, 0.0, 0.0, 0.0,
        0.0, 0.0, 0.0, 0.0, 0.0, 0.0, 0.0, 0.0 ],
    "feature_count_avg": 0.0,
    "match_count_avg": 0.0,
    "feature_size": [
    ],
    "ttc_lidar": [ 1.2972158904366587e+01, 1.2264037610454634e+01,
        1.6963042013496565e+01, 1.3833989271117169e+01,
        1.2004663308945149e+01, 7.3592115070344954e+00,
        3.7800035762820976e+01, 1.6699971389819016e+01,
        1.6979672497128117e+01, 1.3006981043684853e+01,
        1.1306143857976011e+01, 9.4441383196784763e+00,
        9.3441968045578410e+00, 1.1891678388924651e+01,
        7.8277645911923033e+00, 9.4202855872516746e+00,
        9.1946314698608269e+00, 8.3097786771803737e+00 ],
    "ttc_camera": [ 2.0415300409951950e+01, 7.9345580427705293e+00,
        7.3770477339677942e+00, 1.6525396813015302e+01,
        2.2427619876123440e+01, 6.3974439667840119e+00,
        1.2139302612086556e+01, 1.0422915310216077e+01,
        8.0447248632450137e+00, 4.7584582516315939e+00,
        5.8522294155909487e+00, 5.7846418856340138e+00,
        5.6989205695933824e+00, 8.5680753146242541e+00,
        6.2139067892927713e+00, 6.0334118945986708e+00,
        1.2493893645261833e+01, 7.3605134166406154e+00 ],
    "kp_roi_count": [ 226, 404, 441, 248, 264, 250, 278, 284, 245, 279,
        253, 269, 268, 252, 259, 282, 290, 290 ],
    "kp_roi_matches": [ 149, 157, 182, 175, 163, 139, 141, 151, 133, 141,
        157, 145, 168, 145, 160, 166, 199, 210 ]
}
