{
    "detector_type": "SIFT",
    "descriptor_type": "BRIEF",
    "matcher_type": "MAT_BF",
    "selector_type": "SEL_KNN",
    "detector_time": [ 1.48075163e-01, 1.48140594e-01, 1.48197383e-01,
        1.46529570e-01, 1.48828909e-01, 1.48411930e-01, 1.47168577e-01,
        1.63713068e-01, 2.02661693e-01, 1.97941095e-01, 5.04363477e-01,
        3.24948043e-01, 1.52115926e-01, 1.49327561e-01, 1.51389033e-01,
        1.55508161e-01, 1.52517229e-01, 1.54591277e-01 ],
    "descriptor_time": [ 2.01919712e-02, 1.85993835e-02, 1.87263805e-02,
        1.89217217e-02, 1.87990144e-02, 1.90186556e-02, 1.91844925e-02,
        4.63088974e-02, 1.99836679e-02, 1.96049754e-02, 6.50194511e-02,
        3.52069438e-02, 2.00761147e-02, 2.17772555e-02, 2.00803112e-02,
        2.10203324e-02, 2.05095150e-02, 2.13397425e-02 ],
    "matcher_time": [ 8.66463855e-02, 8.00145045e-02, 7.74369165e-02,
        1.08210675e-01, 7.84301385e-02, 8.08743462e-02, 8.30724984e-02,
        1.08444259e-01, 9.01975036e-02, 8.86276364e-02, 1.97064832e-01,
        9.19625536e-02, 9.31146815e-02, 9.56895053e-02, 9.62097496e-02,
        1.01065844e-01, 9.63891745e-02, 9.92721468e-02 ],
    "detector_time_avg": 1.8580159544944763e-01,
    "descriptor_time_avg": 2.4687156081199646e-02,
    "matcher_time_avg": 9.8004534840583801e-02,
    "feature_count": [ 0.0, 0.0, 0.0, 0.0, 0.0, 0.0, 0.0, 0.0, 0.0, 0.0,
        0.0, 0.0, 0.0, 0.0, 0.0, 0.0, 0.0, 0.0 ],
    "match_count": [ 0.0, 0.0, 0.0, 0.0, 0.0, 0.0, 0.0, 0.0, 0.0, 0.0,
        0.0, 0.0, 0.0, 0.0, 0.0, 0.0, 0.0, 0.0 ],
    "feature_count_avg": 0.0,
    "match_count_avg": 0.0,
    "feature_size": [
    ],
    "ttc_lidar": [ 1.2972158904366587e+01, 1.2264037610454634e+01,
        1.6963042013496565e+01, 1.3833989271117169e+01,
        1.2004663308945149e+01, 7.3592115070344954e+00,
        3.7800035762820976e+01, 1.6699971389819016e+01,
        1.6979672497128117e+01, 1.3006981043684853e+01,
        1.1306143857976011e+01, 9.4441383196784763e+00,
        9.3441968045578410e+00, 1.1891678388924651e+01,
        7.8277645911923033e+00, 9.4202855872516746e+00,
        9.1946314698608269e+00, 8.3097786771803737e+00 ],
    "ttc_camera": [ 1.2512373978534603e+01, 1.2235831800747272e+01,
        1.2726863719587508e+01, 1.7771744053206088e+01,
        1.4606589686142488e+01, 9.1481298665756121e+00,
        1.2700872778608586e+01, 1.2652813515371493e+01,
        1.2246979013022242e+01, 9.5086718610371861e+00,
        1.1102465612219072e+01, 1.0690413944627856e+01,
        9.1628239374336982e+00, 9.3319131243569853e+00,
        9.3830234302389179e+00, 8.9583618752091443e+00,
        8.6795396237749589e+00, 8.8735926113136880e+00 ],
    "kp_roi_count": [ 138, 136, 153, 145, 141, 158, 181, 157, 172, 141,
        129, 152, 149, 138, 131, 136, 125, 131 ],
    "kp_roi_matches": [ 93, 84, 108, 100, 93, 103, 112, 115, 121, 96, 94,
        95, 104, 101, 99, 103, 84, 94 ]
}
