{
    "detector_type": "SHITOMASI",
    "descriptor_type": "ORB",
    "matcher_type": "MAT_BF",
    "selector_type": "SEL_KNN",
    "detector_time": [ 1.79458987e-02, 1.75318476e-02, 1.24553861e-02,
        1.82836913e-02, 2.14507598e-02, 1.72071066e-02, 1.84315462e-02,
        1.94566194e-02, 1.86379328e-02, 1.81909129e-02, 2.03963872e-02,
        1.25284363e-02, 1.86613575e-02, 2.12555379e-02, 2.00177282e-02,
        1.75146759e-02, 1.39319701e-02, 1.91324651e-02 ],
    "descriptor_time": [ 2.35208087e-02, 1.80626251e-02, 1.84621848e-02,
        2.63673607e-02, 1.77136492e-02, 2.08383501e-02, 1.88622866e-02,
        1.86411329e-02, 1.92909408e-02, 1.82377566e-02, 1.85962971e-02,
        1.86324753e-02, 1.82982553e-02, 1.90522466e-02, 1.97399855e-02,
        1.93865951e-02, 1.87327936e-02, 2.00383402e-02 ],
    "matcher_time": [ 8.73591825e-02, 7.20515624e-02, 7.54461363e-02,
        7.83497617e-02, 7.31420293e-02, 8.03854167e-02, 7.65372142e-02,
        7.69271404e-02, 7.87316933e-02, 7.86550418e-02, 7.87520483e-02,
        8.01439062e-02, 7.87879601e-02, 7.86387697e-02, 8.28954056e-02,
        8.16709027e-02, 7.99321160e-02, 8.58413726e-02 ],
    "detector_time_avg": 1.7946125939488411e-02,
    "descriptor_time_avg": 1.9581891596317291e-02,
    "matcher_time_avg": 7.8640505671501160e-02,
    "feature_count": [ 0.0, 0.0, 0.0, 0.0, 0.0, 0.0, 0.0, 0.0, 0.0, 0.0,
        0.0, 0.0, 0.0, 0.0, 0.0, 0.0, 0.0, 0.0 ],
    "match_count": [ 0.0, 0.0, 0.0, 0.0, 0.0, 0.0, 0.0, 0.0, 0.0, 0.0,
        0.0, 0.0, 0.0, 0.0, 0.0, 0.0, 0.0, 0.0 ],
    "feature_count_avg": 0.0,
    "match_count_avg": 0.0,
    "feature_size": [
    ],
    "ttc_lidar": [ 1.2972158904366587e+01, 1.2264037610454634e+01,
        1.6963042013496565e+01, 1.3833989271117169e+01,
        1.2004663308945149e+01, 7.3592115070344954e+00,
        3.7800035762820976e+01, 1.6699971389819016e+01,
        1.6979672497128117e+01, 1.3006981043684853e+01,
        1.1306143857976011e+01, 9.4441383196784763e+00,
        9.3441968045578410e+00, 1.1891678388924651e+01,
        7.8277645911923033e+00, 9.4202855872516746e+00,
        9.1946314698608269e+00, 8.3097786771803737e+00 ],
    "ttc_camera": [ 1.2946200130060427e+01, 1.3369448406418700e+01,
        1.1555412288894832e+01, 1.1535637874129513e+01,
        1.1917876213847862e+01, 1.1606516039188998e+01,
        9.4774944319672727e+00, 1.1662620779628273e+01,
        8.0426653171668150e+00, 9.5726985015985058e+00,
        1.0091549385782436e+01, 9.4302461733147069e+00,
        9.0563370361527102e+00, 8.7463824589242272e+00,
        7.6318423894065006e+00, 6.9436700989806228e+00,
        9.5202701753212793e+00, 7.5141735352602952e+00 ],
    "kp_roi_count": [ 111, 105, 110, 114, 124, 126, 122, 119, 107, 114,
        109, 115, 127, 110, 110, 129, 114, 113 ],
    "kp_roi_matches": [ 56, 50, 56, 61, 69, 48, 56, 53, 52, 39, 59, 53,
        64, 55, 56, 56, 72, 73 ]
}
