{
    "detector_type": "SIFT",
    "descriptor_type": "BRISK",
    "matcher_type": "MAT_BF",
    "selector_type": "SEL_KNN",
    "detector_time": [ 1.47872746e-01, 1.47831932e-01, 1.43914700e-01,
        1.42510504e-01, 1.43325493e-01, 1.48086771e-01, 1.44733697e-01,
        1.51532471e-01, 1.47549331e-01, 1.73509568e-01, 1.49027273e-01,
        1.55246615e-01, 4.33084756e-01, 1.45601332e-01, 1.55087769e-01,
        1.53744236e-01, 1.50288746e-01, 1.52391747e-01 ],
    "descriptor_time": [ 1.94404516e-02, 1.82609055e-02, 1.84564237e-02,
        1.82803907e-02, 1.83566567e-02, 1.88946351e-02, 1.92575827e-02,
        1.93005186e-02, 1.95908044e-02, 2.14765202e-02, 3.23406197e-02,
        1.99574139e-02, 8.87252986e-02, 2.01416295e-02, 2.31499914e-02,
        2.06901282e-02, 2.10036300e-02, 2.16045491e-02 ],
    "matcher_time": [ 9.67749506e-02, 7.87748396e-02, 7.84523860e-02,
        7.79222324e-02, 7.80833364e-02, 8.05544481e-02, 8.36816207e-02,
        8.55668709e-02, 8.55887309e-02, 9.27227885e-02, 9.95603874e-02,
        9.07433107e-02, 1.87986553e-01, 9.70477238e-02, 1.13216490e-01,
        9.93008837e-02, 9.62295458e-02, 1.00260369e-01 ],
    "detector_time_avg": 1.6585220396518707e-01,
    "descriptor_time_avg": 2.4384897202253342e-02,
    "matcher_time_avg": 9.5628969371318817e-02,
    "feature_count": [ 0.0, 0.0, 0.0, 0.0, 0.0, 0.0, 0.0, 0.0, 0.0, 0.0,
        0.0, 0.0, 0.0, 0.0, 0.0, 0.0, 0.0, 0.0 ],
    "match_count": [ 0.0, 0.0, 0.0, 0.0, 0.0, 0.0, 0.0, 0.0, 0.0, 0.0,
        0.0, 0.0, 0.0, 0.0, 0.0, 0.0, 0.0, 0.0 ],
    "feature_count_avg": 0.0,
    "match_count_avg": 0.0,
    "feature_size": [
    ],
    "ttc_lidar": [ 1.2972158904366587e+01, 1.2264037610454634e+01,
        1.6963042013496565e+01, 1.3833989271117169e+01,
        1.2004663308945149e+01, 7.3592115070344954e+00,
        3.7800035762820976e+01, 1.6699971389819016e+01,
        1.6979672497128117e+01, 1.3006981043684853e+01,
        1.1306143857976011e+01, 9.4441383196784763e+00,
        9.3441968045578410e+00, 1.1891678388924651e+01,
        7.8277645911923033e+00, 9.4202855872516746e+00,
        9.1946314698608269e+00, 8.3097786771803737e+00 ],
    "ttc_camera": [ 1.2512373978534603e+01, 1.2235831800747272e+01,
        1.2726863719587508e+01, 1.7771744053206088e+01,
        1.4606589686142488e+01, 9.1481298665756121e+00,
        1.2700872778608586e+01, 1.2652813515371493e+01,
        1.2246979013022242e+01, 9.5086718610371861e+00,
        1.1102465612219072e+01, 1.0690413944627856e+01,
        9.1628239374336982e+00, 9.3319131243569853e+00,
        9.3830234302389179e+00, 8.9583618752091443e+00,
        8.6795396237749589e+00, 8.8735926113136880e+00 ],
    "kp_roi_count": [ 138, 136, 153, 145, 141, 158, 181, 157, 172, 141,
        129, 152, 149, 138, 131, 136, 125, 131 ],
    "kp_roi_matches": [ 93, 84, 108, 100, 93, 103, 112, 115, 121, 96, 94,
        95, 104, 101, 99, 103, 84, 94 ]
}
