{
    "detector_type": "ORB",
    "descriptor_type": "FREAK",
    "matcher_type": "MAT_BF",
    "selector_type": "SEL_KNN",
    "detector_time": [ 1.83294695e-02, 1.81443226e-02, 1.84621606e-02,
        1.88186206e-02, 1.99967586e-02, 1.88430697e-02, 1.81851815e-02,
        1.85075272e-02, 1.86163057e-02, 2.71154679e-02, 1.86469983e-02,
        1.81885902e-02, 2.64893435e-02, 1.89070813e-02, 1.83371641e-02,
        1.94951016e-02, 2.22849529e-02, 2.91905478e-02 ],
    "descriptor_time": [ 7.19473734e-02, 6.87149242e-02, 7.05505237e-02,
        7.25684986e-02, 7.58296624e-02, 7.03406259e-02, 7.02444986e-02,
        7.03766495e-02, 6.93462864e-02, 7.24652037e-02, 6.78128526e-02,
        6.87057748e-02, 7.37082362e-02, 7.44784102e-02, 6.84675276e-02,
        9.06853005e-02, 7.31726289e-02, 1.11200273e-01 ],
    "matcher_time": [ 2.39699334e-02, 2.01480109e-02, 2.25089826e-02,
        2.39658244e-02, 2.22731829e-02, 1.95054747e-02, 2.33431235e-02,
        2.38455646e-02, 2.56675445e-02, 2.91247144e-02, 2.61084922e-02,
        2.69568302e-02, 2.66277082e-02, 3.16659883e-02, 3.52096148e-02,
        4.54641394e-02, 2.99299825e-02, 5.37179485e-02 ],
    "detector_time_avg": 2.0364368334412575e-02,
    "descriptor_time_avg": 7.4478626251220703e-02,
    "matcher_time_avg": 2.8591949492692947e-02,
    "feature_count": [ 0.0, 0.0, 0.0, 0.0, 0.0, 0.0, 0.0, 0.0, 0.0, 0.0,
        0.0, 0.0, 0.0, 0.0, 0.0, 0.0, 0.0, 0.0 ],
    "match_count": [ 0.0, 0.0, 0.0, 0.0, 0.0, 0.0, 0.0, 0.0, 0.0, 0.0,
        0.0, 0.0, 0.0, 0.0, 0.0, 0.0, 0.0, 0.0 ],
    "feature_count_avg": 0.0,
    "match_count_avg": 0.0,
    "feature_size": [
    ],
    "ttc_lidar": [ 1.2972158904366587e+01, 1.2264037610454634e+01,
        1.6963042013496565e+01, 1.3833989271117169e+01,
        1.2004663308945149e+01, 7.3592115070344954e+00,
        3.7800035762820976e+01, 1.6699971389819016e+01,
        1.6979672497128117e+01, 1.3006981043684853e+01,
        1.1306143857976011e+01, 9.4441383196784763e+00,
        9.3441968045578410e+00, 1.1891678388924651e+01,
        7.8277645911923033e+00, 9.4202855872516746e+00,
        9.1946314698608269e+00, 8.3097786771803737e+00 ],
    "ttc_camera": [ 1.1990009750276446e+01, 1.5197824845744504e+01,
        1.8011606747756133e+01, 1.1984535646080401e+01,
        4.4570752648231888e+01, 1.8429726063733419e+01,
        4.9305906990439938e+00, 1.1043076092953308e+01,
        1.1618585849082042e+01, 7.5076349172430747e+00,
        7.4877499384121995e+00, 7.7568508264728493e+00,
        8.3644338647186345e+00, 9.8814722876069840e+00,
        6.8464740512775046e+00, 6.5145180677666543e+00,
        1.0287070861553472e+01, 1.0136313712433298e+01 ],
    "kp_roi_count": [ 128, 133, 157, 143, 152, 138, 148, 142, 134, 164,
        146, 158, 142, 150, 154, 161, 155, 145 ],
    "kp_roi_matches": [ 99, 77, 98, 118, 96, 89, 86, 85, 72, 100, 97, 94,
        105, 93, 111, 104, 116, 111 ]
}
