{
    "detector_type": "SURF",
    "descriptor_type": "SURF",
    "matcher_type": "MAT_BF",
    "selector_type": "SEL_KNN",
    "detector_time": [ 4.34232414e-01, 1.42124340e-01, 1.47518337e-01,
        1.46533027e-01, 1.46147549e-01, 1.51177451e-01, 1.52985185e-01,
        1.49776831e-01, 1.52033836e-01, 2.02225432e-01, 1.50684685e-01,
        1.49518311e-01, 1.50572434e-01, 1.63191095e-01, 1.52429357e-01,
        1.58536136e-01, 1.83081836e-01, 1.71313167e-01 ],
    "descriptor_time": [ 1.37184441e-01, 2.88956445e-02, 3.34837809e-02,
        3.05248462e-02, 3.01581994e-02, 3.09909321e-02, 3.13408710e-02,
        3.04612499e-02, 3.11832223e-02, 5.01415171e-02, 3.18661220e-02,
        3.19543071e-02, 3.28548402e-02, 3.44757959e-02, 3.29999067e-02,
        3.49686034e-02, 3.48206088e-02, 3.28926258e-02 ],
    "matcher_time": [ 9.33552206e-01, 3.47793162e-01, 4.03278500e-01,
        3.81914556e-01, 3.90115380e-01, 3.89058679e-01, 3.89143348e-01,
        3.88580948e-01, 4.03787076e-01, 4.38221186e-01, 4.23869997e-01,
        4.26051170e-01, 4.30964291e-01, 4.46090221e-01, 4.46248293e-01,
        4.45237219e-01, 4.81207997e-01, 4.49100226e-01 ],
    "detector_time_avg": 1.7244897782802582e-01,
    "descriptor_time_avg": 3.8955420255661011e-02,
    "matcher_time_avg": 4.1650953888893127e-01,
    "feature_count": [ 0.0, 0.0, 0.0, 0.0, 0.0, 0.0, 0.0, 0.0, 0.0, 0.0,
        0.0, 0.0, 0.0, 0.0, 0.0, 0.0, 0.0, 0.0 ],
    "match_count": [ 0.0, 0.0, 0.0, 0.0, 0.0, 0.0, 0.0, 0.0, 0.0, 0.0,
        0.0, 0.0, 0.0, 0.0, 0.0, 0.0, 0.0, 0.0 ],
    "feature_count_avg": 0.0,
    "match_count_avg": 0.0,
    "feature_size": [
    ],
    "ttc_lidar": [ 1.2972158904366587e+01, 1.2264037610454634e+01,
        1.6963042013496565e+01, 1.3833989271117169e+01,
        1.2004663308945149e+01, 7.3592115070344954e+00,
        3.7800035762820976e+01, 1.6699971389819016e+01,
        1.6979672497128117e+01, 1.3006981043684853e+01,
        1.1306143857976011e+01, 9.4441383196784763e+00,
        9.3441968045578410e+00, 1.1891678388924651e+01,
        7.8277645911923033e+00, 9.4202855872516746e+00,
        9.1946314698608269e+00, 8.3097786771803737e+00 ],
    "ttc_camera": [ 1.3000251018791220e+01, 1.2614159126791288e+01,
        1.2843922953965325e+01, 1.3552442906540266e+01,
        1.6734946930092629e+01, 1.2735107193497424e+01,
        1.3862047707411104e+01, 1.2402882074237818e+01,
        1.1773841039940899e+01, 1.0962348281675236e+01,
        1.0293909119003530e+01, 1.1103374567209970e+01,
        9.2059714585464647e+00, 1.0108138372295901e+01,
        9.6921471978509022e+00, 9.6902879068852936e+00,
        9.1298945652167021e+00, 9.1997265563243378e+00 ],
    "kp_roi_count": [ 142, 163, 191, 169, 193, 182, 196, 189, 181, 174,
        166, 158, 175, 158, 158, 183, 165, 157 ],
    "kp_roi_matches": [ 112, 118, 132, 145, 145, 141, 139, 146, 136, 134,
        131, 122, 132, 134, 130, 134, 126, 122 ]
}
