{
    "detector_type": "SHITOMASI",
    "descriptor_type": "ORB",
    "matcher_type": "MAT_BF",
    "selector_type": "SEL_KNN",
    "detector_time": [ 2.09390093e-02, 1.94834042e-02, 1.55626182e-02,
        2.83791460e-02, 3.19695435e-02, 2.00424735e-02, 1.90427937e-02,
        1.65404286e-02, 1.89190377e-02, 1.49165150e-02, 1.94681697e-02,
        2.58264784e-02, 2.37159431e-02, 2.38180216e-02, 2.30740737e-02,
        2.85427533e-02, 1.87138356e-02, 2.26855464e-02 ],
    "descriptor_time": [ 6.65256009e-03, 5.98912081e-03, 6.70777913e-03,
        6.75617391e-03, 8.45301989e-03, 6.67686015e-03, 6.00324105e-03,
        6.44339202e-03, 6.32716995e-03, 6.03965390e-03, 6.99415477e-03,
        7.72937899e-03, 7.41619803e-03, 6.95361011e-03, 1.00597478e-02,
        4.74120211e-03, 6.52209390e-03, 8.15653428e-03 ],
    "matcher_time": [ 6.60213679e-02, 5.80630824e-02, 7.27822855e-02,
        6.96005523e-02, 6.72317892e-02, 6.19300045e-02, 6.31131902e-02,
        6.74546584e-02, 6.30981922e-02, 7.04675242e-02, 6.86058626e-02,
        7.05396608e-02, 7.83662423e-02, 6.07871525e-02, 7.31303468e-02,
        6.41878471e-02, 6.50131553e-02, 7.50765726e-02 ],
    "detector_time_avg": 2.1757764741778374e-02,
    "descriptor_time_avg": 6.9234389811754227e-03,
    "matcher_time_avg": 6.7614600062370300e-02,
    "feature_count": [ 0.0, 0.0, 0.0, 0.0, 0.0, 0.0, 0.0, 0.0, 0.0, 0.0,
        0.0, 0.0, 0.0, 0.0, 0.0, 0.0, 0.0, 0.0 ],
    "match_count": [ 0.0, 0.0, 0.0, 0.0, 0.0, 0.0, 0.0, 0.0, 0.0, 0.0,
        0.0, 0.0, 0.0, 0.0, 0.0, 0.0, 0.0, 0.0 ],
    "feature_count_avg": 0.0,
    "match_count_avg": 0.0,
    "feature_size": [
    ],
    "ttc_lidar": [ 1.2972158904366587e+01, 1.2264037610454634e+01,
        1.6963042013496565e+01, 1.3125420263149387e+01,
        1.2595108891077656e+01, 7.3592115070344954e+00,
        3.4354802002730999e+01, 1.7476653951074542e+01,
        1.5889384777712397e+01, 1.3729654910548717e+01,
        1.1306143857976011e+01, 9.4441383196784763e+00,
        9.2230685055447559e+00, 1.0967763399210648e+01,
        8.0942182370254265e+00, 9.1658213234786654e+00,
        9.8514042819871808e+00, 8.3097786771803737e+00 ],
    "ttc_camera": [ 1.3813048364034316e+01, 9.7081129016356016e+00,
        1.1888078874359559e+01, 1.2533437689787339e+01,
        1.1622732685547842e+01, 1.2733598903321145e+01,
        9.8386816119415350e+00, 9.9360591748022138e+00,
        9.3457712188901656e+00, 9.0408056143654889e+00,
        1.0683655976635793e+01, 9.5444453149184305e+00,
        1.0511809502756298e+01, 8.5633788186030184e+00,
        8.9945088652659262e+00, 7.4748502492266491e+00,
        9.2933038572670181e+00, 7.8686236825101545e+00 ],
    "kp_roi_count": [ 91, 99, 105, 107, 108, 102, 108, 112, 113, 114, 98,
        104, 111, 108, 102, 112, 99, 109 ],
    "kp_roi_matches": [ 69, 70, 77, 83, 81, 62, 65, 68, 67, 55, 72, 65,
        77, 63, 65, 69, 82, 88 ]
}
