{
    "detector_type": "SURF",
    "descriptor_type": "ORB",
    "matcher_type": "MAT_BF",
    "selector_type": "SEL_KNN",
    "detector_time": [ 1.46221802e-01, 1.42425776e-01, 1.53651491e-01,
        1.49567232e-01, 1.45549610e-01, 1.59686998e-01, 1.48185149e-01,
        1.54579043e-01, 1.49429575e-01, 1.51848897e-01, 1.52841195e-01,
        1.54687226e-01, 1.53268218e-01, 1.58120185e-01, 1.53395131e-01,
        1.54986367e-01, 1.57721937e-01, 1.55868739e-01 ],
    "descriptor_time": [ 2.86399946e-02, 2.54589655e-02, 2.73076762e-02,
        1.60997454e-02, 2.33125202e-02, 2.34837271e-02, 2.29828693e-02,
        2.06893347e-02, 2.80473027e-02, 3.21183912e-02, 3.23981829e-02,
        1.15573602e-02, 2.72021666e-02, 1.68923121e-02, 1.72832143e-02,
        1.72443315e-02, 2.62038447e-02, 2.45319568e-02 ],
    "matcher_time": [ 1.59995079e-01, 1.56194314e-01, 1.65270284e-01,
        1.74237192e-01, 1.73914120e-01, 1.72452822e-01, 1.77634597e-01,
        1.88448370e-01, 1.84754908e-01, 1.88026428e-01, 1.94435075e-01,
        2.07569242e-01, 1.98505521e-01, 2.06511557e-01, 2.08424062e-01,
        2.11024657e-01, 2.21631214e-01, 2.43544519e-01 ],
    "detector_time_avg": 1.5233527123928070e-01,
    "descriptor_time_avg": 2.3414105176925659e-02,
    "matcher_time_avg": 1.9250465929508209e-01,
    "feature_count": [ 0.0, 0.0, 0.0, 0.0, 0.0, 0.0, 0.0, 0.0, 0.0, 0.0,
        0.0, 0.0, 0.0, 0.0, 0.0, 0.0, 0.0, 0.0 ],
    "match_count": [ 0.0, 0.0, 0.0, 0.0, 0.0, 0.0, 0.0, 0.0, 0.0, 0.0,
        0.0, 0.0, 0.0, 0.0, 0.0, 0.0, 0.0, 0.0 ],
    "feature_count_avg": 0.0,
    "match_count_avg": 0.0,
    "feature_size": [
    ],
    "ttc_lidar": [ 1.2972158904366587e+01, 1.2264037610454634e+01,
        1.6963042013496565e+01, 1.3833989271117169e+01,
        1.2004663308945149e+01, 7.3592115070344954e+00,
        3.7800035762820976e+01, 1.6699971389819016e+01,
        1.6979672497128117e+01, 1.3006981043684853e+01,
        1.1306143857976011e+01, 9.4441383196784763e+00,
        9.3441968045578410e+00, 1.1891678388924651e+01,
        7.8277645911923033e+00, 9.4202855872516746e+00,
        9.1946314698608269e+00, 8.3097786771803737e+00 ],
    "ttc_camera": [ 1.1615340951171824e+01, 1.3089815598129590e+01,
        1.3281378889154949e+01, 1.3330037088550677e+01,
        1.4632831513722962e+01, 1.3785284551423057e+01,
        1.4550558780383788e+01, 1.1931166612690665e+01,
        1.1742496405279937e+01, 1.0656141054494718e+01,
        1.0161254233055605e+01, 9.8956596689133871e+00,
        1.0311743706145069e+01, 1.0142181039927179e+01,
        9.7901555441106769e+00, 9.6584967666220507e+00,
        9.2210543662146911e+00, 8.8718704432784410e+00 ],
    "kp_roi_count": [ 179, 160, 181, 181, 185, 189, 223, 191, 184, 196,
        213, 171, 185, 186, 166, 179, 193, 172 ],
    "kp_roi_matches": [ 116, 122, 136, 143, 148, 142, 146, 146, 144, 138,
        130, 125, 132, 145, 127, 138, 133, 133 ]
}
